,fluxes,reduced_costs
QULNS,0.00018395992159458833,0.0
ORNDC,9.121979583143045e-05,5.551115123125783e-17
MSBENZMT,0.0,0.0
DESAT18a,0.0,1.1084463244140892e-16
FUM,0.17955333122836487,0.0
PHYFXOR,0.0,2.220446049250313e-16
VPAMTr,0.12614517186114516,2.7755575615628914e-17
GLYCL,0.0,-2.7168165857789146e-16
NDPK7,0.0,9.851255591579293e-17
GTPCI,0.006621104555061527,-5.551115123125783e-17
MTHFC,0.12322623752426862,0.0
GCATENEC,0.0,-2.6981546937144036e-16
ORNTA,-9.121979583143044e-05,-7.647375442208056e-17
UPPDC1,0.008771031079348027,-2.220446049250313e-16
GARFT,0.0,-0.007100779084299175
H4THDPR,0.0,-3.3288923736644024e-16
UDPG4E,0.0,8.505388645523364e-17
GLCS3,0.0,-1.432489179660024e-16
ASPTA,-8.172840684249634,-0.0
PRAGSr,0.08398086844877879,1.3877787807814457e-17
ACKr,0.0,-0.0
KAS14,0.0,-2.649500409036568e-16
UDCPDPS,8.108426296110192e-06,1.1102230246251565e-16
GLNS,0.0,-0.007100779084297857
SHKK,0.1315468109694076,0.0
G1PACT,0.22174833951750683,0.0
5DOAN,3.7163620523916094e-05,0.0
OHPBAT,0.0,0.0
Htex,0.0,0.0
3HAD60,11.526967257670625,0.0
PGI,-0.06204168839400365,-3.367072865727607e-17
PNTK,0.002342189293362866,5.551115123125783e-17
3OAR60,11.526967257670627,0.0
ACGK,0.0,-5.551115123125783e-17
LEUabcpp,0.0,1.1102230246251565e-16
G5SD,0.09029046950211239,-2.220446049250313e-16
DTMPK,2.65399196850745e-05,0.0
NDH_1_1_um_copy1,79.68417860734495,-1.5785983631388945e-16
HSTPT,0.03396443535418503,-1.9118438605520144e-17
U23GAAT2,0.0,-2.220446049250313e-16
PGK,-2.255276154743421,-2.0251232073026576e-16
IMPD,0.019993910423434794,-2.220446049250313e-16
LPOR,0.008753040508503496,-3.3306690738754696e-16
CHRPL,0.005313198500941434,-2.7755575615628914e-17
GCALDDy,0.0,1.7749354792313967e-15
RNDR1,2.7057088022645866e-05,5.551115123125783e-17
AIRC2,0.0,-0.007100779084297707
MTAP,6.216460160364149e-05,-5.551115123125783e-17
DHORD3um,0.0,-0.004915923981434192
TRPS1,0.0,-0.007100779084310629
NNATr,0.00018395992159458835,1.801838140427113e-16
3OAR120,0.0,0.0
HISTDb,0.03396443535418503,0.0
ADCL,0.005353064930230727,-5.551115123125783e-17
CYTK1,0.20435427682771237,0.0
PSIum,180.0,0.0
Cobalt2abcppI,0.0,-0.007100779084297798
THRS,7.751675271806284,-2.7755575615628914e-17
AOXPBDC,0.0,0.0
NAMNPP,3.6318992784736194e-06,-6.192121835022177e-17
PERD,0.0,0.0
DAPDC,0.06018355628030064,5.551115123125783e-17
COCHL_1,3.6318992784736185e-06,-8.881784197001252e-16
3OAR100,11.526948675860362,0.0
PPK2,11.98023242093497,-6.910183879985801e-17
ZNabcpp,5.222145074431116e-07,0.0
GLYDHDA,-2.284322429570625,-1.0450977057741252e-16
ANS,0.0,-1.563285406309529e-17
SUCBZL,0.0,-0.014201558168591193
ADPT,9.932822212755758e-05,-5.803906750131578e-17
RNDR3,0.0,-1.2460622730840852e-16
DHNANT,1.4274208792140503e-05,-5.551115123125783e-16
GND,0.0,-1.1102230246251565e-16
O2tcx,0.0,0.0
TRPS3,0.021713154256725414,5.551115123125783e-17
DNTPPA,0.005353064930230727,0.0
HOXGfx,0.0,5.028997365671215e-15
TMPPP_1,1.799057084453211e-05,-1.734723475976807e-18
ACONT,0.3679679146309163,0.0
IGPS,0.021713154256725417,5.551115123125783e-17
HBZNPT,0.0,1.3704315460216776e-16
HSDy,0.0,1.7749354792313967e-15
GLYOX,0.0,-0.014201558168595557
AICART,0.11792731323211932,-2.220446049250313e-16
SQD1,0.0,0.0
GK1,0.019997542322713172,0.0
R05219,3.631899278473618e-06,-1.1102230246251565e-16
PPND,0.036896160023919385,2.220446049250313e-16
IPDPS_syn,0.0,-1.996802414135321e-15
H4THDPS,0.0,0.0
BIOMASS_PIGMENTS,0.013982492825079204,4.440892098500626e-16
3HAD160,0.0,0.0
HISTDa,0.03396443535418503,-2.220446049250313e-16
ADSL1r,0.09793340280868454,6.938893903907228e-17
H2Otu_syn,-10.0,-0.0
ADOCBLS,3.6318992784736194e-06,5.551115123125783e-16
ALAALAr,0.11087416975875343,-5.551115123125783e-17
ACOATA,0.0,-1.3877787807814457e-16
GLCP2_1,0.0,-4.336808689942018e-18
GLYCK,0.0,-0.007100779084310263
MAN1PT,0.0,1.1961679949003588e-16
DMBZIDS2,3.6318992784736198e-06,-1.1102230246251565e-16
CS,0.3679679146309163,5.551115123125783e-17
DMATT,0.04577545516876061,1.3877787807814457e-16
PSP_L,0.0,1.2452462203335815e-14
NDPK3,0.2066964661210753,6.868188952381096e-17
G3PD2,3.01406725813668,-6.553688893098302e-15
PHYTES,0.015850553866509787,-5.724587470723463e-17
MOHMT,0.002342189293362866,5.551115123125783e-17
FBA,0.0,1.7253837015253694e-17
BIOMASS__1,0.7097712093948835,1.7763568394002505e-15
ACLSa,0.0,-3.729603783162799e-17
ASAD,-7.967836143610819,4.440892098500626e-16
PSCVT,0.1315468109694076,0.0
TYRTA,-0.036896160023919385,-1.9730490451906402e-17
SERAT,0.028411544916568703,0.0
DHFS,0.005353064930230727,0.0
AMPMS3,0.0,-0.0
ACBIPGT,3.6318992784736194e-06,-1.6653345369377348e-16
ATPM,0.0,-0.007100779084297834
SEPHCHCS,0.0,2.7755575615628914e-17
NMNDA,0.0,-0.007100779084298072
IGPDH,0.03396443535418503,0.0
OMPDC,0.02058211073723869,0.0
3OAR80,11.526967257670625,0.0
3OAR180,0.0,-0.0
GLUSfx,0.0,4.765403864110213e-18
NADS2,0.0,-3.3306690738754696e-16
GLUTRR,0.07034122839576826,-1.1102230246251565e-16
UAMAGS,0.11087416975875344,0.0
FOLD3,0.0,-0.007100779084297889
3HAD100,11.526948675860362,0.0
GALUi,0.001268039624830801,-2.5516165936570094e-16
P5CR,0.0,-1.8859577816939123e-15
PQH2tum,0.0,0.0
ICHORS,0.0,0.0
3OAS140,0.0,2.8173972456128897e-17
SBP,0.0,1.5090010857962035e-14
EAR60y,0.0,-1.996802414135321e-15
O2tu,5.0,0.0
SULabcpp,0.0,0.0
PPK,-13.19663679346864,-0.0
BIOMASS_DNA,0.00518132982858265,8.673617379884035e-19
UAPGR,0.11087416975875343,-1.1084463244140892e-16
DHAD1,0.30174156064373686,0.0
IPPS,0.1732541994892288,-1.6653345369377348e-16
PPBNGS,0.03517061419788412,5.551115123125783e-17
PRE3BS,3.631899278473618e-06,2.220446049250313e-16
PHYTES2_1,0.015850553866509787,1.6479873021779667e-16
3HAD80,11.526967257670623,0.0
LTHRK,3.6318992784736198e-06,0.0
ADCPS2,3.6318992784736194e-06,0.0
GF6PTA,0.22174833951750683,2.326786689468932e-17
O2tpp,-14.245313363300824,-0.0
PGMT,-0.36590993223983426,-0.0
3OAR140,0.0,-0.0
NDPK2,0.2435984898795764,0.0
LPADSS2,0.0,0.0
DPR,0.002342189293362866,0.0
H2Otex,9.712157329121824,0.0
TKT2,-0.14122753322606338,6.808824085363965e-17
SK_for_c,0.0,-0.028403116337217028
PPNCL2,0.0,4.294708480921421e-17
CYTBD4cm,0.0,0.0
HPYRRy,0.0,-1.8859577816939123e-15
CHORS,0.1315468109694076,0.0
3OAR160,0.0,2.376234591916016e-16
ADMDC,6.216460160364148e-05,-1.1102230246251565e-16
PPPGO2_1,0.008771031079348027,-2.0816681711721685e-17
ASP1DC,0.0023421892933628654,0.0
MI3PP,0.0,0.0
CYSS_2,0.028411544916568703,-2.7755575615628914e-17
FTHFD,0.0,-0.014201558168597065
MEPCT,0.20435427682771237,2.7582103268031233e-16
PDX5POi,1.8581810261958054e-05,4.323433801915056e-17
PPCDC,0.0023421892933628654,0.0
NTD6,0.0,9.248646782489898e-17
NNDMBRT,3.6318992784736194e-06,-5.551115123125783e-17
PRAIS,0.0839808684487788,-5.551115123125783e-17
ORNTAC,0.0,-2.1190111122772479e-16
SUCBZS,0.0,0.0
HGYDAS,3.631899278473618e-06,0.0
GGDPR,1.427420879605185e-05,0.0
ASPCT,0.020582110737238687,0.0
PPNDH,0.062271233257590645,0.0
ME2,-8.361255267652187,-0.0
APRAUR,3.437634900170175e-05,-3.3306690738754696e-16
SADT,0.07351469068203703,0.0
LDH_D,0.0,-1.3063721322176567e-17
DPCOAK,0.0023421892933628654,2.220446049250313e-16
O2tex,-14.245313363300824,-0.0
DPOR,0.0,-0.014201558168594957
ARGSL,0.0,1.3877787807814457e-17
HSK,7.751675271806284,-1.1102230246251565e-16
EAR120y,0.0,-1.1102230246251565e-16
BCAROHX2,0.0,-1.1102230246251565e-16
HPPK,0.0,8.07500069583524e-17
PPNCL3,0.0,8.07500069583524e-17
AHCi,0.029586953232144598,1.1102230246251565e-16
G6PDH2r,0.0,-0.011834631807164472
PMANM,0.0,3.7864078496800535e-17
CPPPGO2,0.0,-0.71481176115311
PC17M_1,3.631899278473618e-06,0.0
ACCOAC,80.68889479383814,0.0
CYNL,0.0,0.0
CYOOum,0.0,-0.027966145316663013
ACLSb,0.0,7.372626463088767e-17
DNMPPA,0.005353064930230728,0.0
METS_1,0.0,2.5674320965955433e-16
TRPS2,0.0,-0.007100779084310666
PRUK,0.0,-5.551115123125783e-17
FNOR_1,0.0,1.7735141190625427e-15
GART,0.08398086844877879,0.0
G5SADs,0.09019924970628096,0.0
DMTPHT,1.4274208792140503e-05,2.220446049250313e-16
SPMDabcpp,0.0,-5.551115123125783e-17
DHAD2,0.09084733820683448,0.0
PRAMPC,0.03396443535418503,0.0
3OAS80,11.526967257670625,0.0
G1PCTYT,0.0,-5.724587470723463e-17
BIOMASS_CELL_WALL,0.05642681114689325,0.0
CA2abcpp,0.0,-0.007100779084297798
UHGADA2,0.0,1.3877787807814457e-16
ASPO6,0.00018395992159458835,1.3877787807814457e-17
ASPK,7.967836143610819,0.0
DXPS,0.20439084920881886,-1.3877787807814457e-17
PRATPP,0.03396443535418503,-1.682681771697503e-16
NH4tpp,0.0,0.0
PAPSR,0.07351469068203706,2.5500435096859064e-16
NAD_H2,0.0,-0.0
CYRDAAT,3.6318992784736194e-06,1.1102230246251565e-16
NTPP8,0.0,-0.007100779084297848
PC11M,3.631899278473618e-06,0.0
ARGabcpp,0.0,0.0
PMDPHT,3.4376349001701756e-05,0.0
DAPE,0.17105772603905406,0.0
LYCOPC,0.0,0.0
RB15BPtcx,0.0,0.0
GLCBRAN3,0.0,-0.0071007790842980995
DB4PS,6.875269800340351e-05,7.806255641895632e-17
DXPRIi,0.2043542768277124,-1.1102230246251565e-16
GTPCII,3.4376349001701756e-05,1.0581813203458523e-16
RBFSa,6.875269800340351e-05,-1.1102230246251565e-16
GLUTRS,0.07034122839576826,-1.1102230246251565e-16
ALDD2y,176.2033156474073,8.867570595312713e-16
EHGLAT,0.0,0.0
METAT,0.03505131154136634,0.0
DHORTS,-0.020582110737238687,-0.0
PDX5PS2,0.0,5.1139362675415396e-17
GAPDi_nadp,0.0,-1.553068544327472e-15
PGCD,0.0,-0.0
AIRC3,0.0,-0.0
UMPK,0.13145628049599214,0.0
CBPS,0.02058211073723869,-2.220446049250313e-16
3HAD180,0.0,0.0
IPPMIb,-0.17325419948922877,-2.7755575615628914e-17
RZ5PP,3.631899278473619e-06,1.1102230246251565e-16
RBFSb_1,0.0,3.039297417575265e-16
GLNabcpp,0.0,0.0
NDPK8,2.7057088022645862e-05,0.0
PC6YM_1,0.0,-2.220446049250313e-16
DDPA,0.13154681096940762,2.7755575615628914e-17
ACOTA,0.0,-0.0
FBP,0.0,1.5064004211065276e-14
MNabc_1,0.0,-0.0071007790842978515
NTD7,0.0,-0.007100779084297617
MPOMMM,0.0,-0.05680623267442968
MTHFD,0.1232262375242686,1.269361046714111e-16
PANTS,0.002342189293362866,-8.881784197001252e-16
TMPK,1.799057084453211e-05,1.1102230246251565e-16
ASNS1,0.0,-0.36924051238375316
KARI_23dhmp_1,0.0,-1.1102230246251565e-16
IPMD,0.17325419948922877,3.3306690738754696e-16
3PGtcx,0.0,1.3877787807814457e-17
CDPMEK,0.20435427682771237,1.1102230246251565e-16
CITCIa,0.0,0.0
DVOCHR_1,0.0,-1.1102230246251565e-16
H2CO3_NAt_syn,0.0,0.0
HEMEOS,0.0,-0.0
RPE,-0.1509118873819976,-3.3286635936333203e-17
MPOMT_1,0.0,0.0
UAMAS,0.11087416975875343,8.326672684688674e-17
CITCIb,0.0,-1.9016164580220734e-17
BPNT2,0.0,-0.007100779084297719
BIOMASS_COFACTORS,0.0008446277391799114,1.160530005428484e-15
HSERTA,0.04510314576546833,-4.440892098500626e-16
NDPK1,6.222044448521634,0.0
PGL,0.0,0.0
EAR160y,0.0,-0.05680623267442065
MECDPDHf,0.20435427682771237,-1.9081958235744878e-17
MTHFR3_1,0.0,-2.0192470725419114e-15
3HAD140,0.0,0.0
FBA3,0.0,-1.7253837015253694e-17
LDAPAT,-0.1710577260390541,-1.3877787807814457e-16
MG2uabcpp,0.0,-0.007100779084297879
HCO3E_1_cx,0.0,0.0
ACODA,0.0,0.0
GLU5K,0.0902904695021124,5.551115123125783e-17
EAR100y,0.0,-1.996802414135321e-15
PGM,-2.255276154743421,-0.0
ASPOb,0.0,-3.245831029562388e-15
DM_h2_c,0.0,-0.02840311633721327
ACS,0.0,-0.007100779084297263
AMPTASECG,0.0,-0.014201558168595408
SHCHCS3,0.0,0.0
ATPPRT,0.03396443535418503,1.1102230246251565e-16
NDH_1_4_um_copy1,0.0,-3.8068322566787673e-16
UAGCVT,0.11087416975875342,1.8041124150158794e-16
ADSL2r,0.08396287787793427,2.0779415881028707e-17
PRASCSi,0.08396287787793427,0.0
MG2tex,0.0,0.0
HPROb,0.0,-0.05680623267442811
NTPP2,0.0,-0.007100779084297885
TRDR,0.07359147638318787,0.0
NDPK6,-2.6539919685074496e-05,-0.0
GLUPRT,0.08398086844877879,0.0
PTRCabcpp,0.0,5.551115123125783e-17
UPP3MT,3.6318992784736185e-06,-2.220446049250313e-16
DHNCOAS,0.0,0.0
MCOATA,80.6888286880432,1.1102230246251565e-16
PMPK,1.799057084453211e-05,-5.551115123125783e-17
HMBS,0.0,-8.540868683703028e-17
PGLYCP,0.0,-0.08047549628875941
UAGAAT2,0.0,1.1102230246251565e-16
HTHRPDH,0.0,0.0
BCT1_syn,0.0,-0.00710077908429785
IPDDI,-0.1585788216589518,-0.0
GLYALDDy,-3.448769173430188,-2.2168926488281784e-16
CITMS,0.0,-0.007100779084292719
IMPC,-0.1179273132321193,-0.0
Htcx,0.0,-0.0
DHQTi,0.1315468109694076,0.0
SPODM,0.9000000000000001,0.0
MAN6PI,0.0,-0.0
3OAS120,0.0,0.0
PGAMT,-0.22174833951750683,-0.0
PSERT,0.0,-2.6088758432782172e-17
HISTP,0.03396443535418503,0.0
NNDPR,0.00018395992159458835,0.0
ADSK,0.07351469068203705,-1.1102230246251565e-16
MECDPS,0.20435427682771237,-1.1102230246251565e-16
CUabcpp,2.14203590412049e-08,5.551115123125783e-17
ADCYRS,3.631899278473619e-06,4.440892098500626e-16
RBPCcx,0.0,5.551115123125783e-17
3HAD40_2,0.0,0.0
EAR180y,0.0,-1.5518248541797248e-15
GTHRDH_syn,0.0,0.0
PRAIi,0.021713154256725414,-5.551115123125783e-17
CYNTtabcpp,0.0,0.0
PTPATi,0.002342189293362866,-1.1102230246251565e-16
PC6AR_1,-3.6318992784736177e-06,-1.41616556363022e-16
Kabcpp,0.0,-0.0071007790842977855
ENO,2.255276154743421,0.0
PRFGS,0.08398086844877879,0.0
PC8XM,3.631899278473618e-06,2.470272336152879e-16
3OAS60,11.526967257670627,0.0
GMPS2,-0.4629613878058357,-0.0
RBFK,2.1706932914003083e-05,-1.1102230246251565e-16
NTRIRfx,2.9940504738208156,0.0
GTHPi,0.0,-0.05680623267442504
ARGSS,0.0,-0.021302337252893235
SPTc,9.502849456695248,0.0
H2Otpp,9.712157329121824,0.0
TDPDRE,0.0,0.0
GTHOr,0.0,0.0
SHK3Dr,0.1315468109694076,-2.2168926488281784e-16
CYRDAR,1.8159496392368095e-06,2.0251494435002097e-16
ORPT,-0.020582110737238687,-6.194454135812965e-17
GRTT,0.04577545516876061,-1.1102230246251565e-16
BIOMASS_MEM_LIPIDS,0.0,8.881784197001252e-16
PRPPS,0.16052748883992854,0.0
KARA1,-0.3017415606437368,1.1102230246251565e-16
FCLT,1.7990570844532114e-05,6.245004513516506e-17
PPA,0.0,-0.0071007790842977335
DHQS,0.1315468109694076,0.0
ANPRT,0.021713154256725417,-1.1275702593849246e-16
ADK1,0.0,0.0
UPP3S,0.00879265354947103,-2.220446049250313e-16
NDPK5,4.9728613128158313e-05,-5.557099897489185e-17
DHNPA_1,0.005353064930230728,2.7755575615628914e-17
NDPK4,2.6539919685074503e-05,0.0
RNDR4,0.0,-4.1693457929320954e-16
NADK,3.606560447743868e-05,-1.1102230246251565e-16
3OAR40_2,0.0,0.0
TKT1,-0.009684354155934227,-3.404412042681982e-17
NO3abcpp,0.0,-0.007100779084297875
FE3abcpp,0.02708513349937648,-1.1102230246251565e-16
MOBDabcpp,1.553538598596104e-08,0.0
NPHBDC,0.0,-0.08520934901162552
NPDPS,0.0,-2.220446049250313e-16
NI2uabcpp,0.0,-0.00710077908429788
HCO3tcx,0.0,-0.009467705445739884
RNDR2,4.972861312815832e-05,6.071532165918825e-17
KARI_1,0.0,0.0
EAR40y,0.0,-1.996802414135321e-15
NADTRHD,0.0,-1.7735141190625427e-15
DHNCOAT,0.0,1.47403878197236e-16
BIOMASS_PROTEIN,0.3628350422426644,1.5959455978986625e-15
3OAS100,11.526948675860364,0.0
G1SAT,0.07034122839576826,0.0
ILETA,-0.09084733820683448,2.7372742738573426e-17
UAAGDS,0.11087416975875344,-1.6653345369377348e-16
GLCDBRAN3,0.30386824384583067,-2.3418766925686896e-17
HEX1,0.3038682438458306,0.0
ATPSum,47.69253846153847,-2.0781653015713505e-16
CHPHYS,3.911349488905591e-15,3.86843335142828e-16
BCAROHX,0.0,-1.1102230246251565e-16
GLYCLTDx,0.0,-3.22646856371382e-15
PIuabcpp,0.0,-0.0071007790842978515
PC20M,3.631899278473618e-06,0.0
ADSS,0.09793340280868454,-1.1102230246251565e-16
BIOMASS_RNA,0.08063000938725877,-1.1102230246251565e-16
DM_dialurate_c,3.6318992784736198e-06,0.0
THRPDC,3.631899278473619e-06,5.551115123125783e-17
TMDS3,2.65399196850745e-05,-2.220446049250313e-16
DHFR,0.005353064930230727,-1.1102230246251565e-16
ACGS,0.0,-6.283440575966076e-16
AFAT,1.8075033635529467e-05,2.220446049250313e-16
GLYOX_1,0.0,0.0
EAR140y,0.0,-1.9496945589290475e-15
FRTT,0.04046842245031521,0.0
CTPS2,0.013329908973446035,-1.1102230246251565e-16
DESAT16a,-11.526948675860359,-0.0
CO2tex,11.171542263432082,0.0
GTHS,0.0,-1.5265566588595902e-16
UAGDP,0.22174833951750686,-5.724587470723463e-17
DADK,0.0,0.0
MPOMC1_1,0.0,-0.05680623267442968
Nat_Kpp,0.0,0.0
3OAS180,0.0,-0.010651168626452337
EAR80y,0.0,-5.32480643769419e-15
ERTHMMOR,0.0,1.1102230246251565e-16
PDH,0.0,-3.526543196085134e-15
MPML,0.008753040508503498,0.0
USHD2,0.0,4.440892098500626e-16
TPI,2.5791813829215773,0.0
DHPPDA,3.4376349001701756e-05,-1.0408340855860843e-16
PRMICI,0.03396443535418504,1.1102230246251565e-16
CYTBD4um,0.0,-0.04041981940296965
DM_co_c,0.0,-0.4497160086724922
CAT,0.0,-0.05680623267442006
GLUR,0.0,-1.250628325047623e-16
ALAR,0.2934544590135669,0.0
SULR_2,0.07351469068203706,-6.938893903907228e-18
NAt3pp,-8.446277391799115e-08,-0.0
ADCS,0.005353064930230727,5.551115123125783e-17
UGMDDS,0.11087416975875346,-2.220446049250313e-16
BIOMASS_CARB,0.06934464715788012,3.122502256758253e-17
ICDHyr,0.3679679146309163,1.1102230246251565e-16
ACHBSb,0.0,0.0
MTRI,6.216460160364149e-05,0.0
SPMS,6.216460160364149e-05,-5.551115123125783e-17
AHSERL2_1,0.04510314576546833,0.0
PEPC,0.0,-0.007100779084296276
PHETA1,-0.06227123325759064,-4.517021191167236e-17
CHORM,0.09916739328151003,3.818315384334042e-17
GAPD,2.255276154743421,-2.220446049250313e-16
PQH2tcm,0.0,0.0
CPPPGO,0.008771031079348027,0.0
URIDK2r,-2.6539919685074496e-05,-0.0
OCBT,0.0,2.961924788412347e-17
E4PD,0.0,-0.01183463180715901
IPPMIa,-0.1732541994892288,2.7755575615628914e-17
GLGC,0.3646418926149968,0.0
PYK,0.0,-2.112784595510359e-16
3HAD120,0.0,0.0
2PGLYCtcx,0.0,0.0
MPOMOR_1,0.0,-0.05680623267442861
3OAS160,0.0,-5.551115123125783e-17
IG3PS,0.03396443535418504,3.885780586188048e-16
NTRARf2,0.0,-0.0284031163372133
CA2t2pp,0.0,0.0
DM_5drib_c,3.7163620523916094e-05,0.0
RPI,-0.15084313468399432,-0.0
FMNRy_1,3.6318992784736198e-06,1.1102230246251565e-16
ANS2,0.021713154256725417,0.0
GHMT2r,0.20032113133939244,-9.520207850355832e-17
BPNT,0.07351469068203705,0.0
PSIIum,5.0,-4.0635897424756706e-16
CBFCum,89.68317860734494,3.7730235602495554e-17
SK_amylose_c,0.0,0.4047444078052559
SK_14glucan_c,0.0,-0.007100779084298134
SK_glycogen_c,0.0,-0.4118451868895544
EX_h2o_e,-9.712157329121824,0.0
EX_o2_e,14.245313363300824,0.0
EX_co2_e,-11.17154226343208,0.0
EX_leu__L_e,0.0,-0.5680623267442223
EX_cobalt2_e,-3.643679827683451e-06,0.0
EX_zn2_e,-5.222145074431116e-07,0.0
EX_so4_e,-0.07361948823398576,0.0
EX_spmd_e,0.0,-0.9112666491521761
EX_ca2_e,-8.279295254929184e-06,0.0
EX_nh4_e,0.0,-0.08520934901163991
EX_arg__L_e,0.0,-0.6958763502616924
EX_gln__L_e,0.0,-0.4615506404796865
EX_mn2_e,-1.24952776813814e-07,0.0
EX_hco3_e,0.0,0.0
EX_mg2_e,-0.008819126453242338,0.0
EX_ptrc_e,0.0,-0.5254576522384126
EX_fe2_e,0.0,-0.021302337252904518
EX_cu2_e,-2.14203590412049e-08,0.0
EX_k_e,-1.0980160609338849e-06,0.0
EX_no3_e,0.0,0.0
EX_fe3_e,-0.02708513349937648,0.0
EX_mobd_e,-1.5535385985961045e-08,0.0
EX_ni2_e,0.0,0.0
EX_na1_e,-8.446277391799116e-08,0.0
EX_cynt_e,0.0,-0.07810856992734212
EX_h_e,2.218823425734974,0.0
FE3tex,0.02708513349937648,0.0
FE2tex,0.0,-2.2545601498993124e-18
NI2tex,0.0,0.0
MNtex,1.24952776813814e-07,0.0
COBALT2tex,3.6436798276834515e-06,0.0
CU2tex,2.14203590412049e-08,0.0
Zn2tex,5.222145074431116e-07,0.0
SPMDtex,0.0,0.0
LEUtex,0.0,0.0
HCO3tex,0.0,-0.0
GLNtex,0.0,-0.0
CYNTtex,0.0,0.0
ARGtex,0.0,-0.0
MOBDtex,1.5535385985961045e-08,0.0
NH4tex,0.0,0.0
SO4tex,0.0,0.0
PTRCtex,0.0,0.0
NO3tex,0.0,-0.0
NAtex,8.446277391799115e-08,0.0
CA2tex,0.0,0.0
Ktex,1.0980160609338849e-06,0.0
CO2tpp,11.171542263432082,0.0
EX_pi_e,0.2588349442100053,0.0
PItex,1.959980202229713,0.0
MDRPD,6.216460160364149e-05,0.0
ENOPH,0.0,0.0
ARD,0.0,-0.05680623267442693
UNK3,6.216460160364149e-05,-5.551115123125783e-17
PHYPQOX,0.0,-8.881784197001252e-16
ZISO,0.0,0.0
ZCARDS,0.0,0.0
PLYCOI,0.0,2.220446049250313e-16
TRNFE,0.013267302569489506,4.0928119797252477e-16
PTHPS,0.0012680396248308011,-5.551115123125783e-17
SPR,0.001268039624830801,-2.220446049250313e-16
THBTGT,0.001268039624830801,0.0
CYSDES,1.7990570844532114e-05,-2.7755575615628914e-17
THISAT,1.799057084453211e-05,0.0
THII,1.799057084453211e-05,0.0
GLYCOX1,1.799057084453211e-05,1.3877787807814457e-17
DXYTST,1.799057084453211e-05,2.7755575615628914e-17
THZT,1.7990570844532114e-05,0.0
SHS1,1.799057084453211e-05,2.220446049250313e-16
MALCOAMT,6.610579494491133e-05,0.0
OGMEACPS,6.610579494491133e-05,0.0
OGMEACPR,6.610579494491133e-05,-1.1102230246251565e-16
OGMEACPD,6.610579494491133e-05,0.0
EGMEACPR,6.610579494491133e-05,-2.220446049250313e-16
OPMEACPS,6.610579494491133e-05,0.0
OPMEACPR,6.610579494491135e-05,-1.1102230246251565e-16
OPMEACPD,6.610579494491135e-05,0.0
EPMEACPR,6.610579494491135e-05,6.661338147750939e-16
PMEACPE,6.610579494491135e-05,0.0
AOXSr2,6.610579494491135e-05,5.5203777847708927e-17
AMAOTr,6.610579494491135e-05,0.0
DBTS,6.610579494491135e-05,0.0
BTS6,0.0,-0.35740588057655487
BACCL,1.8581810261958047e-05,-1.1102230246251565e-16
LIPOCT,1.858181026195805e-05,0.0
LIPOS2,1.858181026195805e-05,0.0
MEOHtrpp,0.0,-0.0
MEOHtex,0.0,-0.0
DM_amob_c,6.610579494491136e-05,0.0
ADNK1,0.029586953232144598,-1.1102230246251565e-16
CDGS,0.0,6.938893903907228e-18
CCGS,0.0,-6.938893903907228e-18
CDGR,0.0,0.0
QUERT,0.0,0.0
SAMTRI,0.0,0.0
EPXQR,0.0,-1.1102230246251565e-16
UDPGD,0.0,0.0
UDPGLDC,0.0,0.0
GMAND,0.0,-1.1102230246251565e-16
GFUCS,0.0,1.1102230246251565e-16
CDPGLC46DH,0.0,0.0
NDH_1_1_um_copy2,0.0,-3.157196726277789e-16
NDH_1_4_um_copy2,0.0,-3.157196726277789e-16
KAS15,11.526967257670627,-2.7755575615628914e-16
AACPS6,0.0,-0.0035503895421492475
ALDR18,0.0,-1.1102230246251565e-16
ALDDC17,0.0,0.0
G3PAT160,0.0,-1.790320612552691e-16
G3PAT161,0.0,-0.12071324443315111
G3PAT1819Z_1,0.0,0.0
AGPAT160,0.0,-0.0071007790842983936
AGPATACP_HDE_PALM,0.0,1.1102230246251565e-16
AGPAT161,0.0,0.0
AGPATACP_OLE_HDE,0.0,-1.1102230246251565e-16
AGPATACP_OLE_PALM,0.0,2.220446049250313e-16
PAPA160,0.0,-0.007100779084297607
PAPA_HDE_PALM,0.0,0.0
PAPA161,0.0,2.220446049250313e-16
PAPA_OLE_HDE,0.0,0.0
PAPA_OLE_PALM,0.0,0.0
SQDGS_PALM_PALM,0.0,1.1102230246251565e-16
SQDGS_HDE_PALM,0.0,-1.1102230246251565e-16
DGDGS_HDE_PALM,0.0,0.0
DGDGS_HDE_HDE,0.0,2.220446049250313e-16
DGDGS_OLE_HDE,0.0,-2.220446049250313e-16
CDPDAGS_OLE_PALM,0.0,-2.7929047963226594e-16
PGPS_OLE_PALM,0.0,5.551115123125783e-17
PGPP_OLE_PALM,0.0,-2.220446049250313e-16
GLUDGS_HDE_PALM,0.0,-2.220446049250313e-16
GLUDGE_HDE_PALM,0.0,0.0
GLUDGS_HDE_HDE,0.0,0.0
GLUDGE_HDE_HDE,0.0,-2.220446049250313e-16
GLUDGS_OLE_HDE,0.0,0.0
GLUDGE_OLE_HDE,0.0,0.0
GLUDGS_OLE_PALM,0.0,0.0
GLUDGE_OLE_PALM,0.0,2.220446049250313e-16
DGDGS_OLE_PALM,0.0,0.0
H2Otcx,0.0,0.0
GLNTRS,0.0,-1.1102230246251565e-16
TYRTRS,0.0,-1.1102230246251565e-16
METTRS,0.0,0.0
SERTRS,0.0,-0.26272882611920884
GLYTRS,0.0,-0.19172103527618
PROTRS,0.0,-1.1102230246251565e-16
CYSTRS,0.0,-1.1102230246251565e-16
ARGTRS,0.0,-1.1102230246251565e-16
TRPTRS,0.0,0.0
PHETRS,0.0,-1.1102230246251565e-16
HISTRS,0.0,-1.1102230246251565e-16
ASNTRS,0.0,-1.1102230246251565e-16
ASPTRS,0.0,-0.2840311633721133
THRTRS,0.0,-1.1102230246251565e-16
LEUTRS,0.0,0.0
ILETRS,0.0,1.1102230246251565e-16
LYSTRS,0.0,-1.1102230246251565e-16
ALATRS,0.0,-0.28403116337211154
VALTRS,0.0,-5.551115123125783e-17
FMETTRS,0.0,1.1102230246251565e-16
EX_photon410_e,0.0,0.0
EX_photon430_e,0.0,0.0
EX_photon450_e,0.0,0.0
EX_photon470_e,0.0,0.0
EX_photon490_e,0.0,0.0
EX_photon510_e,0.0,0.0
EX_photon530_e,0.0,0.0
EX_photon550_e,0.0,0.0
EX_photon570_e,0.0,0.0
EX_photon590_e,0.0,0.0
EX_photon610_e,0.0,0.0
EX_photon630_e,0.0,0.0
EX_photon650_e,-0.008753040508503496,0.0
EX_photon670_e,0.0,0.0
EX_photon690_e,-200.0,-0.006423138080940322
ZXANHX,0.0,-3.3306690738754696e-16
CXANHX,0.0,-1.1102230246251565e-16
PHOA690um,200.0,-4.440892098500626e-16
DM_pho_loss_c,0.0,0.0
A5PISO,0.0,0.0
KDOPS,0.0,-1.3877787807814457e-17
KDOPP,0.0,0.0
KDOCT2,0.0,5.377642775528102e-17
MOAT_1,0.0,0.0
UAG2E,0.0,0.0
ACGAMT,0.0,-1.6653345369377348e-16
ACMAMT,0.0,-1.6653345369377348e-16
ICLIPAS,0.0,5.551115123125783e-17
ICLIPAabcpp,0.0,0.0
OANTS,0.0,6.938893903907228e-17
OANTIabcpp,0.0,-1.1102230246251565e-16
OANTILpp,0.0,-5.551115123125783e-17
COLIPAabcex,0.0,-2.220446049250313e-16
MPTG,0.05001407334048226,0.0
MPTG2,0.010846023077788938,1.3322676295501878e-15
MDDEP1pp,0.0,0.0
MDDEP2pp,0.0,0.0
MDDEP3pp,0.0,-0.028403116337191767
MDDEP4pp,0.0,0.0
MLTGY1pp,0.0,1.2506677806567544e-15
MLTGY2pp,0.0,0.0
MLTGY3pp,0.0,0.0
MLTGY4pp,0.0,0.0
AGM4PH,0.0,0.0
AGMH,0.0,0.0
AGM3PH,0.0,0.0
UM4PL,0.0,0.0
ALAGLUE,0.0,0.0
UM3PL,0.0,0.0
AGM4Pt2pp,0.0,2.220446049250313e-16
4PEPTabcpp,0.0,1.1102230246251565e-16
UAGPT3,0.11087416975875344,1.049160758270773e-14
UDCPDP,0.11087416975875343,0.0
PAPPT3,0.11087416975875343,-5.551115123125783e-17
DALAabcpp,0.039168050262693335,0.0
ALAALAabcpp,0.0,0.0
PCHLDA430,0.0,-2.220446049250313e-16
PCHLDA650,0.008753040508503496,-2.220446049250313e-16
EX_meoh_e,0.0,-0.028403116337220636
PFOR,0.0,-0.028403116337216698
NO2tabcpp,0.0,-0.00710077908429785
NO2tex,0.0,0.0
Htabcpp,0.0,-0.007100779084297836
PSICSum,180.0,7.936359902593892e-17
PSIICSum,20.0,0.0
FALDH2,6.610579494491136e-05,-2.220446049250313e-16
SFGTHi,6.610579494491136e-05,-6.071532165918825e-17
GGCLUT2,0.0,1.1102230246251565e-16
OPAH,0.0,-0.007100779084297964
ANHMK,0.0,-1.1102230246251565e-16
CLt3_1pp,0.0,0.0
CLtex,1.6558590509858364e-05,0.0
EX_cl_e,-1.6558590509858364e-05,0.0
Ktu,0.0,0.0
SK_fum_c,0.0,-0.1917210352761756
DM_succ_c,0.0,-0.22012415161338564
SK_akg_c,0.0,-0.26982960520349125
NGAM_D1um,0.002,0.0
DM_ac_c,0.0,-0.13491480260174332
DM_lac__D_c,0.0,-0.1917210352761739
ASPO5,0.0,3.116337401368716e-17
MNHNAtpp,0.0,-0.0284031163372152
PCXHtpp,0.0,0.0
34DHOXPEGOX,0.0,-0.0
3HAD121,11.526948675860359,0.0
3HAD141,11.526948675860359,0.0
3HAD161,11.526948675860359,0.0
3HAD181,0.0,0.0
3HAD40,11.526967257670629,0.0
3OAR121,11.526948675860362,0.0
3OAR141,11.52694867586036,1.1102230246251565e-16
3OAR161,11.526948675860359,-1.1102230246251565e-16
3OAR181,0.0,0.0
3OAR40,11.52696725767063,0.0
3OAS121,11.526948675860362,0.0
3OAS141,11.52694867586036,0.0
3OAS161,11.526948675860359,0.0
3OAS181,0.0,0.0
AACOAR_syn,0.0,-1.1102230246251565e-16
ABTA,0.0,2.7755575615628914e-17
ABUTD,0.0,-1.6719683322746312e-15
ACACT1r,0.0,-3.4099080615276456e-16
ACHBS,0.09084733820683448,0.0
ACLS,0.30174156064373686,2.7755575615628914e-17
ACP1_FMN,0.0,-0.007100779084297822
ADCPS1,0.0,-4.440892098500626e-16
ADPT2,0.0,-3.116912382154306e-17
AGTi,0.0,0.0
AHMMPS,1.799057084453211e-05,2.7755575615628914e-17
AIRCr,0.08396287787793429,0.0
ALAabcpp,0.0,-0.007100779084297804
ALCD19,3.01406725813668,0.0
ALCD2y,0.0,0.0
ALDD20x,0.0,0.0
ALDD2x,-168.63356529594031,-0.0
AMID,0.0,0.0
AMID2,0.0,6.245004513516506e-17
AMID3,0.0,-4.85722573273506e-17
AOXSr,0.0,0.0
ATPSu,0.0,-0.0016386413271457447
BAMPPALDOX,0.0,0.0
BCAROKE,0.0,0.0
BTS4,0.0,-0.36805704920300597
CBFC2,0.0,-0.013655344392902374
CBFC2pp,0.0,1.734723475976807e-18
CBFCpp,0.0,-0.028403116337210065
CBFCu,0.31682139265505915,-4.336808689942018e-19
COBALT2abcpp,0.0,-0.007100779084297798
COCHL,0.0,-1.3528996481639633e-15
CTPS1,0.0,-2.157147308593742e-16
CU2abcu_syn,0.0,5.551115123125783e-17
CYNTAH,0.0,0.0
CYO1b2_syn,0.0,-0.013655344392902374
CYO1b2pp_syn,0.0,0.0
CYO1b_syn,0.0,0.0
CYO1bpp_syn,0.0,-0.028403116337210065
CYSS,0.0,-2.7755575615628914e-17
CYSTA,0.0,-0.0
CYTBDpp_1,0.0,-0.02840311633721006
CYTBDu,0.0,-0.02348719235577633
DASYN160,0.0,-5.724587470723463e-17
DASYN161,0.0,-5.724587470723463e-17
DASYN180,0.0,1.6479873021779667e-16
DASYN181,0.0,-5.724587470723463e-17
DASYN181_9,0.0,-5.724587470723463e-17
DASYN182_9_12,0.0,-5.724587470723463e-17
DASYN183_6_9_12,0.0,-5.724587470723463e-17
DASYN183_9_12_15,0.0,-5.724587470723463e-17
DASYN184_6_9_12_15,0.0,-5.724587470723463e-17
DHDPS,0.17105772603905406,0.0
DHORDi,-0.9318199934366239,3.9189495628725316e-17
DPPS,0.0,1.1102230246251565e-16
EAR121y,0.0,-2.1078247165978365e-15
EAR141y,0.0,-2.2689650842991385e-15
EAR161y,0.0,9.739335572310652e-15
EAR181y,0.0,-1.1102230246251565e-16
FBA2,-0.4347019152935081,-2.0259345196200375e-17
FMNAT,0.0,2.220446049250313e-16
FNOR,0.0,1.7735141190625427e-15
FOMETRi,0.0,0.0
G1PTT,0.0,-1.682681771697503e-16
G3PAT180,0.0,3.2729682690360853e-16
G3PAT181,0.0,-0.05680623267443197
G3PAT181_9,0.0,5.551115123125783e-17
G3PAT182_9_12,0.0,-5.551115123125783e-17
G3PAT183_6_9_12,0.0,-5.551115123125783e-17
G3PAT183_9_12_15,0.0,-5.551115123125783e-17
G3PAT184_6_9_12_15,0.0,-5.551115123125783e-17
G3PD,0.0,-1.7951194718392454e-14
G3PD1ir,0.0,1.4892642307281288e-14
G6PBDH,0.0,-0.011834631807164472
GCALDD,0.005352473690813301,-1.1102230246251565e-16
GLBRAN2,0.0,2.7755575615628914e-17
GLCGLYCabcpp_syn,0.0,-0.007100779084297773
GLCP,0.0,-3.4036943819809777e-16
GLCP2,0.0,-3.7447465979983177e-16
GLCS1,0.36464189261499685,5.551115123125783e-17
GLMS_syn,0.0,4.765403864110213e-18
GLNTRAT,0.0,0.0
GLUCYS,0.0,0.0
GLUK_syn,0.0,6.129139866827162e-17
GLUSx,0.0,2.36085134967278e-16
GLUt2rpp,0.0,-0.01420155816859574
GLXCL,3.77511032738525,1.3877787807814457e-17
GLYALDDr,0.0,-2.0901954115482507e-15
GLYCL_2,0.0,2.7168165857789146e-16
GLYCTO1,0.005352473690813301,-6.938893903907228e-18
GLYK,3.0140672581366794,0.0
GLYabcpp,0.0,-1.3877787807814457e-17
GMPS,0.48295529822927047,-1.1796119636642288e-16
GUACYC,0.0,0.0
H2ASE_syn,0.0,-1.7735141190625427e-15
HCO3E,80.70947690457538,0.0
HIBDkt,0.0,-0.0426046745057996
HISabcpp,0.0,-5.551115123125783e-17
HOXG,0.0,0.0
HPROa,0.0,-0.056806232674426305
HPYRRx,0.0,0.0
HSDxi,7.796778417571764,0.0
IMACTD,0.0,0.0
KARA2,0.09084733820683448,-1.1102230246251565e-16
LALDO,0.0,-0.0
LCARS,0.0,-0.0
LGTHL,0.0,-0.0
LYSDC,0.0,0.0
LYSabcpp,0.0,0.0
MAN1PT2,0.0,1.1102230246251565e-16
MDH,8.540808598880552,9.144604925523597e-17
MECDPDH_syn,0.0,-1.8859577816939123e-15
METS,0.07469009899761293,1.1102230246251565e-16
MI1PP,0.0,-0.6461708966715518
MI1PS,0.0,0.0
MNt2pp,1.24952776813814e-07,0.0
MPOMC1,0.0,-0.05680623267442968
MPOMOR,0.0,-0.0568062326744299
MPOMT,0.008753040508503496,0.0
MTHFD2i,0.0,-1.7767311524000026e-15
NABTNO,0.0,0.0
NADH5,0.0,-0.02840311633721325
NAR_syn,0.0,-0.0284031163372133
NDH1_1p,0.0,-5.279096393662687e-15
NDH1_1u,0.0,-1.7749354792313967e-15
NDH1_2p,0.0,-3.2578018826157356e-15
NDH1_2u,0.3168213926550543,1.1102230246251565e-16
NDH1_3u,0.0,-1.695387679246645e-15
NDH1_4pp,0.0,-5.279096393662687e-15
NDH2_syn,0.0,-0.004915923981437066
NDPK10,0.0,0.0
NDPK9,0.0,-0.0
NH4tpp_1,0.0,0.0
NOR_syn,0.0,0.0
NPHS,1.4274208792140503e-05,0.0
NTD4,0.0,-0.007100779084297429
NTPP4,0.0,-0.007100779084297928
OPHBDC,0.005298924292149293,0.0
P5CD,0.0,-0.007100779084299332
P5CRx,0.09019924970628096,0.0
PC17M,0.0,1.013719831954576e-16
PDHa,0.0,-3.396711550155789e-15
PDHbr,0.0,0.0
PDHcr,0.0,0.0
PDX5PS,1.8581810261958054e-05,0.0
PGSA160,0.0,5.551115123125783e-17
PGSA161,0.0,5.551115123125783e-17
PGSA180,0.0,5.551115123125783e-17
PGSA181,0.0,5.551115123125783e-17
PGSA181_9,0.0,0.0
PGSA182_9_12,0.0,0.0
PGSA183_6_9_12,0.0,0.0
PGSA183_9_12_15,0.0,0.0
PGSA184_6_9_12_15,0.0,0.0
PHCD,0.0,0.0
PHYTES2,0.0,3.86843335142828e-16
POR_1,0.0,-8.876454096368051e-16
POR_syn,0.0,-3.4404341586339716e-15
PPC,0.0,-0.007100779084296287
PPM,0.0,-0.0
PPNCL,0.002342189293362866,0.0
PPPGO,0.0,-0.08520934901163012
PROD2,0.0,-3.028387886490043e-15
PROabcpp,0.0,-0.007100779084297843
PUTA3,0.0,-0.007100779084299332
PYAM5PO,0.0,0.0
PYDXNO,0.0,-2.498625632390892e-18
PYDXO,0.0,-7.495876897172675e-17
PYK2,0.0,-2.7706925524062434e-16
PYK3,1.881308363045853,-5.551115123125783e-17
PYK4,0.0,-1.7570445789792702e-16
PYK5,0.0,-3.1974926103349274e-16
R05224_1,0.0,-0.0071007790843089415
RBCh,0.0,1.3877787807814457e-17
RBFSb,3.4376349001701756e-05,2.220446049250313e-16
RBPC,0.0,-0.009467705445739771
SDPTA,0.0,1.6039678376708154e-17
SERD_L,0.0,-0.007100779084310624
SERabcpp,0.0,-0.007100779084297874
SPS,0.0,-0.014201558168595323
SPT_syn,-9.82919061065031,-0.0
SQD2_160,0.0,1.1102230246251565e-16
SQD2_161,0.0,-1.1102230246251565e-16
SQD2_180,0.0,1.1102230246251565e-16
SQD2_181,0.0,-1.1102230246251565e-16
SQD2_181_9,0.0,-1.1102230246251565e-16
SQD2_182_9_12,0.0,-1.1102230246251565e-16
SQD2_183_6_9_12,0.0,-1.1102230246251565e-16
SQD2_183_9_12_15,0.0,-1.1102230246251565e-16
SQD2_184_6_9_12_15,0.0,-1.1102230246251565e-16
SQLC,0.0,2.220446049250313e-16
SQLC2,0.0,0.0
SSALy,0.0,1.7735141190625427e-15
SUCDi,0.0,-0.02840311633721004
SUCDpp_syn,0.0,1.3877787807814457e-17
SUCDu_syn,0.0,-0.004915923981433708
SUCOAS,0.002342949458256858,0.0
SUCRabcpp_syn,0.0,-5.551115123125783e-17
TDPDRR,0.0,0.0
TDPGDH,0.0,1.1102230246251565e-16
THFGLUS,0.0,-1.4201189481524357e-16
THRD_L,0.09084733820683448,3.469446951953614e-17
THZPSN,0.0,2.7755575615628914e-17
THZSN_1,0.0,-1.8214596497756474e-17
TRSARr,3.4487691734301884,0.0
U23GAAT,0.0,-3.630865038440006
UAGAAT,0.0,-7.209150814703097e-17
UDPDPS,0.0,8.326672684688674e-17
UGLDDS2_1,0.0,-3.729655473350135e-17
UHGADA,0.0,1.3877787807814457e-16
UPPDC2,0.0,0.0
UREA,0.0,1.3877787807814457e-17
UREAabcpp,0.0,-5.551115123125783e-17
ZN2abcpp,0.0,-0.014201558168595693
EX_n2_e,-1.4970252369104067,0.0
NIT1b,0.0,-0.028403116337137893
NADFADOR,81.61954771991087,-4.1803908230965013e-16
RNF,0.0,-3.408110694427306e-15
14GLUCANabcpp,0.0,-2.4639703422530266
23DOGULNt4pp,0.0,0.0
2DDARAA,0.0,0.0
2DGLCptspp,0.0,-0.007100779084298037
2DGULRGx,0.0,2.220446049250313e-16
2DGULRGy,0.0,-1.5609460298121156e-15
2DGULRx,0.0,-0.3645066596608765
2DGULRy,0.0,-0.36450665966087814
2DOXG6PP,0.0,0.0
2HESR,0.0,-1.1102230246251565e-16
2HPTCOAT,0.0,2.220446049250313e-16
3AMACHYD,0.0,-6.938893903907228e-18
3HPADHi,0.0,0.0
3NTD2pp,0.0,5.551115123125783e-17
3NTD4pp,0.0,5.551115123125783e-17
3NTD7pp,0.0,0.0
3NTD9pp,0.0,0.0
3OXCOAT,0.0,-0.09704398081879297
3PEPTabcpp,0.0,0.0
3SLAR,0.0,-0.028403116337213152
4ABZGLUH,0.0,0.0
4HTHRA,-1.8581810261958047e-05,-0.0
4PCPpp,0.0,0.0
5DGLCNR,0.0,-1.90772853450425e-15
5DKGR,0.0,-0.0
6D6SFK,0.0,-5.551115123125783e-17
AAMYLpp,0.0,0.0
AB6PGH,0.0,0.0
ACACCT,0.0,-8.326672684688674e-17
ACACT2r,-11.526948675860355,-4.0502988870004195e-16
ACACT3r,-11.526948675860355,-2.0251494435002097e-16
ACACT4r,-11.526948675860359,-4.0502988870004195e-16
ACACT5r,0.0,-8.100597774000839e-16
ACACT6r,0.0,4.0502988870004195e-16
ACACT7r,-11.52694867586036,-0.0
ACACT8r,0.0,0.0
ACALD,0.0,2.94807756394472e-16
ACCOAL,0.0,6.354945264505588e-17
ACGAptspp,0.0,1.3877787807814457e-17
ACMANAptspp,0.0,0.0
ACMUMptspp,0.0,1.3877787807814457e-17
ACNML,0.0,0.0
ACOAD1fr,0.0,5.895830048022233e-16
ACOLIPAabctex,0.0,-0.007100779084297773
ACONMT,0.0,0.0
ACONTa,0.0,0.0
ACONTb,0.0,-6.554563426396607e-17
ACOXT,0.0,-4.549465156475034e-17
ACP1p,0.0,0.0
ACPPAT120,0.0,-0.09231012809592551
ACPPAT140,0.0,-1.6653345369377348e-16
ACPPAT141,0.0,-0.10651168626452193
ACPPAT160,11.526948675860359,0.0
ACPPAT161,0.0,-0.12071324443315135
ACPPAT180,0.0,2.220446049250313e-16
ACPPAT181,0.0,-0.05680623267443209
ACPS1,0.0,-1.1102230246251565e-16
ACt2rpp,0.9999999999999997,0.0
ADK3,0.0,-1.615000139167048e-16
ADK4,0.0,0.0
ADOCBIK,0.0,4.440892098500626e-16
ADOCBLabcpp,0.0,4.440892098500626e-16
ADOCBLtonex,0.0,0.0
ADPRDP,0.0,-1.1102230246251565e-16
AGM3PA,0.0,0.0
AGM3PApp,0.0,2.220446049250313e-16
AGM3Pt2pp,0.0,2.220446049250313e-16
AGM4PA,0.0,0.0
AGM4PApp,0.0,-2.5131061597351557e-16
AGM4PCPpp,0.0,-2.220446049250313e-16
AGMHE,0.0,0.0
AGMt2pp,0.0,-0.007100779084297643
AGPR,0.0,-1.253753038250407e-16
AGt3,0.0,0.0
AHGDx,0.0,-0.0
AI2abcpp,0.0,-0.007100779084297773
AKGDH,0.0,-0.014201558168594634
AKGt2rpp,0.0,0.0
ALATA_D2,0.0,-3.241179862396054e-15
ALATA_L,8.998378905890043,-2.2689320203378514e-17
ALATA_L2,0.0,-3.194015130011526e-15
ALCD2x,0.0,-1.5675798251490124e-15
ALDD19xr,0.0,0.0
ALDD3y,0.0,-0.007100779084295953
ALKP,0.0,0.0
ALLPI,0.0,0.0
ALLTN,0.0,0.0
ALLULPE,0.0,0.0
ALLabcpp,0.0,-0.007100779084297773
ALPATE160pp,0.0,0.0
ALPATG160pp,0.0,2.220446049250313e-16
ALR2,0.0,-1.6719683322746312e-15
ALR2x,0.0,1.1102230246251565e-16
AM3PA,0.0,1.4139072725804037e-16
AM4PA,0.0,0.0
AMALT1,0.0,-0.007100779084297947
AMALT2,0.0,-0.007100779084297909
AMALT3,0.0,-0.007100779084298242
AMALT4,0.0,-0.007100779084297652
AMMQLT8,0.0,-0.028403116337209898
AMPMS2,0.0,-0.0355038954215072
AMPTASEPG,0.0,1.3877787807814457e-17
APG3PAT120,0.0,4.163336342344337e-17
APG3PAT140,0.0,4.163336342344337e-17
APG3PAT141,0.0,-6.938893903907228e-17
APG3PAT160,0.0,-6.938893903907228e-17
APG3PAT161,0.0,4.163336342344337e-17
APG3PAT180,0.0,-6.938893903907228e-17
APG3PAT181,0.0,4.163336342344337e-17
ARBTNabcpp,0.0,-0.007100779084297773
ARBTptspp,0.0,-4.163336342344337e-17
ARBabcpp,0.0,-0.00710077908429788
ARGDC,0.0,0.0
ARHGDx,0.0,-0.0
ARMEPNS,0.0,-1.1102230246251565e-16
ASCBptspp,0.0,0.0
ASNS2,0.0,-0.3692405123837532
ASPO3,0.0,-0.028403116337210006
ASPO4,0.0,6.18066820548922e-16
ASPT,0.0,4.4135736900531666e-17
ASPabcpp,0.0,-0.007100779084297858
ASR,0.0,2.681629265629162e-16
ATHRDHr,0.0,-0.0
BETALDHx,0.0,-1.782990634737147e-15
BETALDHy,0.0,0.0
BGLA1,0.0,0.0
BMOCOS,0.0,1.1102230246251565e-16
BMOGDS1,0.0,5.551115123125783e-17
BMOGDS2,0.0,4.996003610813204e-16
BTS5,0.0,-0.35740588057655476
BUTCT,0.0,-8.326672684688674e-17
BUTSO3abcpp,0.0,-0.007100779084297893
BWCOGDS1,0.0,0.0
BWCOGDS2,0.0,0.0
BWCOS,0.0,0.0
CA2t3pp,0.0,0.0
CBIAT,0.0,2.0730551639957402e-16
CBItonex,0.0,0.0
CBIuabcpp,0.0,0.0
CBL1abcpp,0.0,4.440892098500626e-16
CBL1tonex,0.0,-4.440892098500626e-16
CBLAT,0.0,5.586183859616152e-16
CD2abcpp,0.0,-0.00710077908429781
CD2t3pp,0.0,0.0
CDGUNPD,0.0,0.0
CELBpts,0.0,1.3877787807814457e-17
CFAS160E,0.0,0.0
CFAS160G,0.0,2.220446049250313e-16
CFAS180E,0.0,2.220446049250313e-16
CFAS180G,0.0,2.220446049250313e-16
CGLYabcpp,0.0,0.0
CHLabcpp,0.0,-0.007100779084297862
CHLt3pp,0.0,0.0
CHOLD,0.0,-2.220446049250313e-16
CHOLID,0.0,0.0
CHTBSptspp,0.0,0.0
CINNDO,0.0,0.0
CITL,0.0,-6.525164684773758e-16
CLIPAabctex,0.0,-0.007100779084297773
CMtpp,0.0,0.0
COBALT2t3pp,0.0,0.0
COBALT2tpp,3.6436798276834507e-06,0.0
COLIPAPabctex,0.0,-0.007100779084297773
COLIPAabcpp,0.0,-0.007100779084297773
COLIPAabctex,0.0,-0.007100779084297773
CPGNabcpp,0.0,-0.0071007790842977855
CPGNtonex,0.0,0.0
CPH4S,0.0,-5.551115123125783e-17
CPL,0.0,0.0
CPMPS,0.0,5.551115123125783e-17
CRNCAL2,0.0,-2.220446049250313e-16
CRNCAR,0.0,0.0
CRNCDH,0.0,0.0
CRNDCAL2,0.0,0.0
CRNDabcpp,0.0,-0.007100779084297861
CRNDt2rpp,0.0,0.0
CRNabcpp,0.0,-0.007100779084297861
CRNt2rpp,0.0,0.0
CTBTCAL2,0.0,-3.694484831222673e-16
CTBTabcpp,0.0,-0.007100779084297861
CTBTt2rpp,0.0,0.0
CTECOAI6,0.0,0.0
CTECOAI7,0.0,0.0
CTECOAI8,0.0,0.0
CU1abcpp,0.0,-0.007100779084297863
CU2abcpp,0.0,-0.014201558168595804
CURR,0.0,-0.028403116337215085
CUt2pp,0.0,0.0
CUt3,0.0,0.0
CYANST,0.0,6.938893903907228e-18
CYANSTpp,0.0,-6.938893903907228e-18
CYSDDS,0.0,0.0
CYSDS,0.0,-0.007100779084311117
CYSSADS,0.0,0.0
CYSTL,0.0,2.7755575615628914e-17
CYSabc2pp,0.0,-0.014201558168595583
CYSabcpp,0.0,-5.551115123125783e-17
CYTBD2pp,0.0,-0.028403116337210883
CYTBDpp,0.0,0.0
CYTBO3_4pp,0.0,0.0
CYTK2,0.0,0.0
DAGK120,0.0,0.0
DAGK140,0.0,0.0
DAGK141,0.0,0.0
DAGK160,0.0,0.0
DAGK161,0.0,-0.00710077908429807
DAGK180,0.0,2.220446049250313e-16
DAGK181,0.0,-2.220446049250313e-16
DASYN120,0.0,-5.724587470723463e-17
DASYN140,0.0,-5.724587470723463e-17
DASYN141,0.0,-5.724587470723463e-17
DGK1,0.0,0.0
DGUNC,0.0,1.1102230246251565e-16
DHACOAH,0.0,0.0
DHAPT,0.0,-0.0071007790842980405
DHBD,0.0,0.0
DHBS,0.0,-1.1102230246251565e-16
DHBSZ3FEabcpp,0.0,-0.007100779084297773
DHCIND,0.0,0.0
DHCINDO,0.0,0.0
DHCURR,0.0,-0.028403116337215085
DHDPRy,0.17105772603905406,-2.220446049250313e-16
DHMPTR,0.0,-0.028403116337215085
DHORD2,0.0,-0.028403116337209953
DHORD5,0.9524021041738625,4.718447854656915e-16
DHPPD,0.0,0.0
DHPPDA2,0.0,-7.476267125403022e-17
DHPS2,0.0,-1.734723475976807e-18
DKGLCNR1,0.0,-4.898248899024481e-16
DKGLCNR2x,0.0,1.6719683322746312e-15
DKGLCNR2y,0.0,-1.1102230246251565e-16
DMPPS,0.20435427682771243,0.0
DMQMT,0.0,-2.220446049250313e-16
DMSOR1pp,0.0,-4.440892098500626e-16
DMSOR2pp,0.0,9.147491275192296e-16
DOXRBCNtpp,0.0,0.0
DSBDR,0.0,0.0
DSERDHr,0.0,0.0
DTARTD,0.0,1.3877787807814457e-17
DURADx,0.0,-0.0
DUTPDP,0.0,-0.007100779084298027
DXYLTD,0.0,0.0
E4PP,0.0,0.0
EAR100x,0.0,0.0
EAR120x,0.0,1.6770496484717342e-15
EAR121x,11.52694867586036,-1.1102230246251565e-16
EAR140x,0.0,0.0
EAR141x,11.526948675860359,-2.220446049250313e-16
EAR160x,0.0,-0.05680623267441853
EAR161x,11.526948675860359,5.88418203051333e-15
EAR180x,0.0,2.220446049250313e-16
EAR181x,0.0,1.8953484612763807e-15
EAR40x,11.526967257670629,0.0
EAR60x,11.526967257670627,0.0
EAR80x,11.526967257670623,-1.6653345369377348e-15
ECA4COLIPAabctex,0.0,-0.007100779084297773
ECOAH1,-11.526948675860357,-0.0
ECOAH2,-11.526948675860357,-0.0
ECOAH3,-11.526948675860357,-0.0
ECOAH4,-11.526948675860357,-0.0
ECOAH5,-11.526948675860357,-0.0
ECOAH6,-11.526948675860359,-0.0
ECOAH7,-11.526948675860359,-0.0
ECOAH8,0.0,-0.0
EDD,0.0,0.0
ENLIPAabctex,0.0,-0.007100779084297773
ETHAAL,0.0,6.938893903907228e-18
ETHSO3abcpp,0.0,5.551115123125783e-17
F1PP,0.4347019152935081,0.0
F6PP,0.0,-0.00710077908429798
FACOAE100,0.0,2.220446049250313e-16
FACOAE120,0.0,-0.05680623267440966
FACOAE140,0.0,-1.7467916547384408
FACOAE141,0.0,-0.06390701175870774
FACOAE160,0.0,-0.007100779084297485
FACOAE161,0.0,-0.07100779084302276
FACOAE180,0.0,-0.014201558168595665
FACOAE181,0.0,2.220446049250313e-16
FACOAE60,0.0,-6.642562395167392e-16
FACOAE80,0.0,2.220446049250313e-16
FACOAL100t2pp,0.0,-1.1102230246251565e-16
FACOAL120t2pp,0.0,-3.3306690738754696e-16
FACOAL140t2pp,0.0,-0.05325584313226556
FACOAL141t2pp,0.0,1.1102230246251565e-16
FACOAL160t2pp,0.0,-3.3306690738754696e-16
FACOAL161t2pp,0.0,1.1102230246251565e-16
FACOAL180t2pp,0.0,1.1102230246251565e-16
FACOAL181t2pp,0.0,-0.03905428496366299
FACOAL60t2pp,0.0,-0.007100779084297238
FACOAL80t2pp,0.0,-3.3306690738754696e-16
FADRx2,0.0,-5.02690747082459e-15
FDH4pp,0.0,-0.028403116337217232
FDH5pp,0.0,-6.40540731490156e-15
FDMO,0.0,0.0
FDMO2,0.0,2.7755575615628914e-17
FDMO3,0.0,2.7755575615628914e-17
FDMO4,0.0,2.7755575615628914e-17
FDMO6,0.0,-6.938893903907228e-17
FE2abcpp,0.0,-0.007100779084297829
FE2t2pp,0.0,1.734723475976807e-18
FE3DCITabcpp,0.0,5.551115123125783e-17
FE3DCITtonex,0.0,0.0
FE3DHBZStonex,0.0,0.0
FE3HOXabcpp,0.0,-0.0071007790842977855
FE3HOXtonex,0.0,0.0
FECRMabcpp,0.0,-0.0071007790842977855
FECRMtonex,0.0,0.0
FEENTERabcpp,0.0,-0.0071007790842977855
FEENTERtonex,0.0,0.0
FEOXAMabcpp,0.0,-0.0071007790842977855
FEOXAMtonex,0.0,0.0
FEROpp,0.0,-0.08520934901161807
FHL,0.0,-3.757411048965764e-15
FLDR2,89.50327754423108,0.0
FLVR,0.0,-1.1102230246251565e-16
FMNRx2,0.0,3.327115673453335e-16
FORCT,0.0,-4.833806728754723e-17
FORt2pp,0.0,-1.734723475976807e-18
FORtppi,0.0,1.734723475976807e-18
FRD2,0.9524021041738625,-4.440892098500626e-16
FRD3,0.0,4.440892098500626e-16
FRUpts2pp,0.0,-2.7755575615628914e-17
FRUptspp,0.0,-0.007100779084297974
FUSAtpp,0.0,0.0
Ftpp,0.0,0.0
G1PP,0.0,-0.007100779084297855
G1PPpp,0.0,0.0
G2PP,0.0,-0.007100779084297782
G2PPpp,0.0,1.3877787807814457e-17
G3PCabcpp,0.0,-0.007100779084297789
G3PD5,0.0,-0.028403116337228203
G3PEabcpp,0.0,0.0
G3PGabcpp,0.0,-5.551115123125783e-17
G3PIabcpp,0.0,-0.0071007790842978315
G3PSabcpp,0.0,0.0
G3PT,0.0,-0.007100779084297813
G6PP,0.0,-0.007100779084297855
GALCTLO,0.0,0.0
GALT1,0.0,0.0
GALTptspp,0.0,-1.3877787807814457e-17
GALabcpp,0.0,-0.007100779084297822
GAMptspp,0.0,4.163336342344337e-17
GDPDPK,0.0,-0.007100779084297617
GDPMNH,0.0,-3.0333924723884987e-16
GDPTPDP,0.0,5.551115123125783e-17
GGGABADr,0.0,0.0
GHBDHx,0.0,-0.0
GLCATr,0.0,-0.0
GLCDpp,0.0,-0.0402377481443797
GLCRAL,0.0,1.3877787807814457e-17
GLCTR1,0.0,0.0
GLCabcpp,0.0,-0.007100779084297831
GLCptspp,0.0,-8.892987026076458e-17
GLDBRAN2,0.0,-2.7755575615628914e-17
GLTPD,0.0,0.0
GLUDy,0.0,1.7735141190625427e-15
GLUSy,0.0,-1.7636182472334614e-15
GLUabcpp,0.0,-0.02130233725289354
GLYAT,0.0,-1.9594747814362655e-17
GLYBabcpp,0.0,-0.007100779084297862
GLYBt2pp,3.011089180010962,0.0
GLYBt3pp,3.011089180010962,0.0
GLYC2Pabcpp,0.0,0.0
GLYC3Pabcpp,0.0,-0.007100779084297827
GLYCLTDy,0.0,-5.102939502790265e-15
GLYCTO2,0.0,-0.028403116337210044
GLYCTO3,0.0,6.447845244369091e-16
GLYCTO4,0.0,-9.194202180820675e-16
GMHEPAT,0.0,-1.1102230246251565e-16
GMHEPK,0.0,0.0
GMHEPPA,0.0,0.0
GMPR,0.0,-0.0071007790842990606
GNK,0.0,0.0
GNP,0.0,-0.007100779084297853
GRXR,0.0,4.03608778274379e-16
GTHRDHpp,0.0,0.0
GTHRDabc2pp,0.0,0.0
GTHRDabcpp,0.0,-0.014201558168595696
GTPDPDP,0.0,-0.007100779084297558
GTPDPK,0.0,-0.007100779084298001
GUAPRT,0.0,-5.724587470723463e-17
HACD1,0.0,-3.304109943965223e-15
HACD2,0.0,0.0
HACD3,-11.526948675860355,-0.0
HACD4,-11.526948675860359,-0.0
HACD5,-11.52694867586036,-0.0
HACD6,-11.52694867586036,-6.07544833050063e-16
HACD7,-11.52694867586036,-0.0
HACD8,0.0,2.0251494435002097e-16
HADPCOADH3,0.0,-0.0
HBZOPT,0.005298924292149293,1.3704315460216776e-16
HEPT1,0.0,0.0
HEPT2,0.0,1.1102230246251565e-16
HG2abcpp,0.0,-0.007100779084297773
HISTD,0.0,-2.220446049250313e-16
HKNDDH,0.0,-1.3877787807814457e-17
HKNTDH,0.0,-1.3877787807814457e-17
HMPK1,1.799057084453211e-05,-5.551115123125783e-17
HOMt2pp,0.0,-2.7755575615628914e-17
HPACOAT,0.0,2.220446049250313e-16
HPPK2,0.0,-0.007100779084297754
HPPPNDO,0.0,0.0
HPYRI,-0.3263411539550617,-0.0
HPYRP,0.0,1.246973590482578e-14
HXAND,0.0,-1.1102230246251565e-16
HXCT,0.0,-8.326672684688674e-17
HXPRT,0.0,5.377642775528102e-17
HYD1pp,0.0,-0.02840311633721327
HYD2pp,0.0,-2.3864889338754457e-15
HYD3pp,0.0,-3.728931259746375e-15
I2FE2SR,0.0,0.0
I2FE2SS,0.006795929809662317,-9.71445146547012e-17
I2FE2SS2,0.006178118008783925,1.249000902703301e-16
I2FE2ST,0.0006178118008783924,0.0
I4FE4SR,0.006178118008783924,-2.220446049250313e-16
I4FE4ST,0.006178118008783924,0.0
ICL,0.0,-0.007100779084291696
ICYSDS,0.02594809563689248,-2.7755575615628914e-17
ILEabcpp,0.0,-5.551115123125783e-17
INDOLEt2pp,0.0,0.0
IPDPS,0.0,-2.0901954115482507e-16
ISETACabcpp,0.0,5.551115123125783e-17
K2L4Aabcpp,0.0,5.551115123125783e-17
K2L4Aabctex,0.0,0.0
Kt2pp,1.0980160609338849e-06,0.0
Kt3pp,0.0,0.0
LCADi,0.0,0.0
LCARSyi,0.0,-1.891119367006949e-15
LDGUNPD,0.0,-0.014201558168596239
LDH_D2,0.0,-0.028403116337213336
LEUTAi,0.17325419948922877,5.551115123125783e-17
LIPACabcpp,0.0,-0.007100779084297773
LIPAabcpp,0.0,-5.551115123125783e-17
LIPAabctex,0.0,-5.551115123125783e-17
LIPOS,0.0,6.570908183475805e-15
LKDRA,0.0,-1.4490039657202892e-17
LPADSS,0.0,0.0
LPLIPAL1A120pp,0.0,0.0
LPLIPAL1A140pp,0.0,0.0
LPLIPAL1A141pp,0.0,0.0
LPLIPAL1A160pp,0.0,1.1102230246251565e-16
LPLIPAL1A161pp,0.0,0.0
LPLIPAL1A180pp,0.0,-1.1102230246251565e-16
LPLIPAL1A181pp,0.0,0.0
LPLIPAL1E120pp,0.0,0.0
LPLIPAL1E140pp,0.0,0.0
LPLIPAL1E141pp,0.0,1.1102230246251565e-16
LPLIPAL1E160pp,0.0,-0.014201558168594926
LPLIPAL1E161pp,0.0,-1.1102230246251565e-16
LPLIPAL1E180pp,0.0,1.1102230246251565e-16
LPLIPAL1E181pp,0.0,1.1102230246251565e-16
LPLIPAL1G120pp,0.0,0.0
LPLIPAL1G140pp,0.0,0.0
LPLIPAL1G141pp,0.0,0.0
LPLIPAL1G160pp,0.0,0.0
LPLIPAL1G161pp,0.0,0.0
LPLIPAL1G180pp,0.0,-1.1102230246251565e-16
LPLIPAL1G181pp,0.0,-1.1102230246251565e-16
LPLIPAL2A120,0.0,-4.163336342344337e-17
LPLIPAL2A140,0.0,2.7755575615628914e-17
LPLIPAL2A141,0.0,-4.163336342344337e-17
LPLIPAL2A160,0.0,-4.163336342344337e-17
LPLIPAL2A161,0.0,-4.163336342344337e-17
LPLIPAL2A180,0.0,-4.163336342344337e-17
LPLIPAL2A181,0.0,-4.163336342344337e-17
LPLIPAL2ATE120,0.0,2.7755575615628914e-17
LPLIPAL2ATE140,0.0,-1.3877787807814457e-16
LPLIPAL2ATE141,0.0,-1.942890293094024e-16
LPLIPAL2ATE160,0.0,-3.0531133177191805e-16
LPLIPAL2ATE161,0.0,-9.753053300265319e-16
LPLIPAL2ATE180,0.0,-5.4249952204071485
LPLIPAL2ATE181,0.0,4.440892098500626e-16
LPLIPAL2ATG120,0.0,-8.326672684688674e-17
LPLIPAL2ATG140,0.0,-8.326672684688674e-17
LPLIPAL2ATG141,0.0,-8.326672684688674e-17
LPLIPAL2ATG160,0.0,-6.9236156299484425e-16
LPLIPAL2ATG161,0.0,-2.220446049250313e-16
LPLIPAL2ATG180,0.0,-5.424995220407149
LPLIPAL2ATG181,0.0,4.876526650132659e-16
LPLIPAL2E120,0.0,6.731083849602018e-17
LPLIPAL2E140,0.0,2.7755575615628914e-17
LPLIPAL2E141,0.0,1.2516362855439334e-16
LPLIPAL2E160,0.0,2.220446049250313e-16
LPLIPAL2E161,0.0,-1.1102230246251565e-16
LPLIPAL2E180,0.0,2.220446049250313e-16
LPLIPAL2E181,0.0,1.1102230246251565e-16
LPLIPAL2G120,0.0,-1.1102230246251565e-16
LPLIPAL2G140,0.0,1.4506113029314224e-16
LPLIPAL2G141,0.0,0.0
LPLIPAL2G160,0.0,2.220446049250313e-16
LPLIPAL2G161,0.0,0.0
LPLIPAL2G180,0.0,-2.220446049250313e-16
LPLIPAL2G181,0.0,-1.1102230246251565e-16
LSERDHr,0.0,0.0
LYSAM,0.0,-0.0
L_LACD2,0.0,-0.028403116337211168
L_LACD3,0.0,-5.551115123125783e-17
MACPD,0.0,-0.007100779084298345
MALDDH,0.0,5.551115123125783e-17
MALS,0.0,-0.01420155816859715
MALTATr,0.0,-0.0
MALTHXabcpp,0.0,0.0
MALTPTabcpp,0.0,2.220446049250313e-16
MALTTRabcpp,0.0,0.0
MALTTTRabcpp,0.0,0.0
MALTabcpp,0.0,5.551115123125783e-17
MALTptspp,0.0,1.3877787807814457e-17
MANGLYCptspp,0.0,0.0
MANptspp,0.0,1.3877787807814457e-17
MCITL2,0.0,1.7285586205872704e-17
MCPST,0.0,-0.007100779084312915
MCTP1App,0.03916805026269333,0.0
MCTP1Bpp,0.0,-4.440892098500626e-16
MCTP2App,0.0,-0.04260467450578878
MDDCP1pp,0.0,-0.028403116337191767
MDDCP2pp,0.0,-8.881784197001252e-16
MDDCP3pp,0.0,-0.028403116337191586
MDDCP4pp,0.0,0.0
MDDCP5pp,0.0,4.440892098500626e-16
MECDPDH5,0.0,-1.7753996764946682e-15
MEPNabcpp,0.0,-0.007100779084297839
METDabcpp,0.0,-0.007100779084297773
METNA,0.0,-0.0
METSOXR1,0.0,5.204170427930421e-18
METSOXR2,0.0,5.204170427930421e-18
METabcpp,0.0,-5.551115123125783e-17
MG2tpp,0.0,-0.0
MICITDr,0.0,-0.0
MINCYCtpp,0.0,0.0
MLDCP1App,0.0,-0.01420155816859555
MLDCP1Bpp,0.0,4.440892098500626e-16
MLDCP2App,0.0,-0.014201558168596674
MLDCP2Bpp,0.0,-6.098046330912102e-16
MLDCP3App,0.0,0.0
MLDEP1pp,0.0,0.0
MLDEP2pp,0.0,-0.014201558168595491
MLTP1,0.0,-3.476719690086485e-17
MLTP2,0.0,2.43370378306054e-16
MLTP3,0.0,-9.039471194224863e-16
MMCD,0.0,0.0
MMM,0.0,0.0
MN2t3pp,0.0,0.0
MN2tipp,0.0,0.0
MN6PP,0.0,0.0
MNLptspp,0.0,0.0
MOADSUx,0.0,0.0
MOAT,0.0,-1.1102230246251565e-16
MOAT2,0.0,0.0
MOCOS,0.0,1.1102230246251565e-16
MOGDS,0.0,5.551115123125783e-17
MPTS,0.0,-1.6523241108679088e-16
MPTSS,0.0,0.0
MSAR,0.0,-1.1102230246251565e-16
MSO3abcpp,0.0,5.551115123125783e-17
MTHFR2,0.07470808956845745,0.0
NADDP,0.0,-0.007100779084297506
NADH10,0.0,-2.5733598127089323e-15
NADH16pp,0.0,-0.028403116337213243
NADH17pp,0.0,-2.813712672765673e-15
NADH18pp,0.0,-3.701891092465798e-15
NADH9,0.0,-3.8795773147187075e-15
NADHHR,0.0,-0.007100779084298117
NADHHS,0.0,-0.007100779084298117
NADHPO,0.0,-0.05680623267442328
NADHXD,0.0,2.220446049250313e-16
NADHXE,0.0,-0.0
NADPHHR,0.0,-0.007100779084297618
NADPHHS,0.0,-0.00710077908429784
NADPHXD,0.0,0.0
NADPHXE,0.0,0.0
NHFRBO,0.0,-0.02840311633721325
NI2abcpp,0.0,-0.00710077908429788
NI2t3pp,0.0,0.0
NI2tpp,0.0,0.0
NO2t2rpp,0.0,0.0
NO3R1bpp,0.0,0.0
NO3R2bpp,0.0,-0.028403116337210623
NODOx,0.0,-0.028403116337213145
NODOy,0.0,-0.02840311633721509
NOVBCNtpp,0.0,0.0
NTD1,0.0,-0.8118557419719525
NTD10,0.0,0.0
NTD11,0.0,-5.551115123125783e-17
NTD12,0.0,0.0
NTD2,0.0,5.551115123125783e-17
NTD2pp,0.0,0.0
NTD3,0.0,-0.8189565210562504
NTD4pp,0.0,5.551115123125783e-17
NTD5,0.0,-0.8260573001405562
NTD7pp,0.0,0.0
NTD8,0.0,-0.0071007790842978116
NTD9,0.0,-5.551115123125783e-17
NTD9pp,0.0,0.0
NTP1,0.0,-0.007100779084297834
NTP10,0.0,-0.007100779084297775
NTP3,0.0,-0.007100779084297845
NTP5,0.0,-0.007100779084297921
NTPP1,0.0,-0.007100779084297741
NTPP10,0.0,0.0
NTPP11,0.0,-0.014201558168595422
NTPP3,0.0,-0.007100779084297868
NTPP5,0.0,-0.007100779084297914
NTPP6,0.0,-0.00710077908429781
NTPP7,0.0,-0.007100779084298097
NTPP9,0.0,-0.01420155816859579
NTRIR2x,0.0,6.270586234644753e-16
O16A4COLIPAabctex,0.0,-0.007100779084297773
O16AT,0.0,-0.1349148026017437
OBTFL,0.0,-0.0071007790842984135
OCTDPS,0.005298924292149292,-1.1102230246251565e-16
OHPHM,0.0,-2.220446049250313e-16
OMBZLM,0.0,-2.220446049250313e-16
OMMBLHXy,0.0,1.1102230246251565e-16
OMPHHXy,0.0,1.1102230246251565e-16
OPHHXy,0.0,-0.02840311633721599
ORNabcpp,0.0,0.0
OXCOAHDH,0.0,-3.3306690738754696e-16
OXDHCOAT,0.0,0.0
PA120abcpp,0.0,2.220446049250313e-16
PA140abcpp,0.0,0.0
PA141abcpp,0.0,0.0
PA160abcpp,0.0,0.0
PA161abcpp,0.0,2.220446049250313e-16
PA180abcpp,0.0,2.220446049250313e-16
PA181abcpp,0.0,-2.220446049250313e-16
PACCOAE,0.0,1.1821434423721833e-15
PACCOAL,0.0,-1.1102230246251565e-16
PACOAT,0.0,-0.00710077908429794
PAI2I,0.0,0.0
PAPSR2,0.0,2.15778117138664e-16
PCNO,0.0,0.0
PDE1,0.0,-0.007100779084297754
PDE4,0.0,-0.00710077908429792
PE120abcpp,0.0,-0.007100779084297865
PE140abcpp,0.0,0.0
PE141abcpp,0.0,-0.007100779084297865
PE160abcpp,0.0,0.0
PE161abcpp,0.0,-0.007100779084297843
PE180abcpp,0.0,2.220446049250313e-16
PE181abcpp,0.0,0.0
PFK,0.0,-0.007100779084312881
PFL,0.07712836445016359,2.220446049250313e-16
PG120abcpp,0.0,0.0
PG140abcpp,0.0,0.0
PG141abcpp,0.0,4.440892098500626e-16
PG160abcpp,0.0,-2.220446049250313e-16
PG161abcpp,0.0,0.0
PG180abcpp,0.0,0.0
PG181abcpp,0.0,0.0
PGP120abcpp,0.0,0.0
PGP140abcpp,0.0,0.0
PGP141abcpp,0.0,2.220446049250313e-16
PGP160abcpp,0.0,0.0
PGP161abcpp,0.0,2.220446049250313e-16
PGP180abcpp,0.0,0.0
PGP181abcpp,0.0,2.220446049250313e-16
PGSA120,0.0,5.551115123125783e-17
PGSA140,0.0,5.551115123125783e-17
PGSA141,0.0,5.551115123125783e-17
PHEMEabcpp,0.0,0.0
PIt2rpp,1.959980202229713,0.0
PNSPA,0.0,5.551115123125783e-17
POAACR,0.0,0.0
POR5,-89.50320124367246,-9.396997235073794e-16
POX,0.0,-0.028403116337217205
PPA2,0.0,-0.007100779084297673
PPAKr,0.0,1.5849515227997542e-16
PPCK,0.0,-1.5792053739457715e-15
PPCSCT,0.0,-2.3592239273284576e-16
PPDOy,0.0,-1.1102230246251565e-16
PPGPPDP,0.0,-1.1275702593849246e-16
PPPNDO,0.0,0.0
PPPNt2rpp,0.0,0.0
PPTHpp,0.0,0.0
PROD3,0.0,-0.028403116337213236
PROGLYabcpp,0.0,-5.551115123125783e-17
PROt2rpp,0.0,0.0
PSP_Lpp,0.0,0.0
PTA2,0.0,-5.377324521555337e-16
PTHRpp,0.0,0.0
PTRCTA,0.0,-0.02840311633719013
PUACGAMS,0.0,0.0
PUACGAMtr,0.0,5.551115123125783e-17
PYK6,0.0,-1.5991553650664013e-16
PYROX,0.0,0.0
QUINDH,0.0,0.0
QUINDHyi,0.0,1.9050672661532165e-15
R15BPK,0.0,0.0
R5PP,0.0,-0.007100779084297825
R5PPpp,0.0,-2.7755575615628914e-17
RBK,0.0,0.0
REPHACCOAI,0.0,0.0
RFAMPtpp,0.0,0.0
RIBabcpp,0.0,0.0
RNDR1b,0.0,-7.411454829191939e-17
RNDR2b,0.0,0.0
RNDR3b,0.0,-3.7381868192522556e-16
RNDR4b,0.0,-6.024189721412174e-16
RNTR1c2,0.0,2.493363813364697e-16
RNTR2c2,0.0,1.1108215020614967e-16
RNTR3c2,4.976063894001766e-05,0.0
RNTR4c2,2.6539919685074503e-05,0.0
RPNTPH,0.0,-1.734723475976807e-18
RU5PP,0.0,0.0
S2FE2SR,0.0,-0.0035503895421487865
S2FE2SS,0.0,1.1102230246251565e-16
S2FE2SS2,0.0,1.1102230246251565e-16
S2FE2ST,0.0,0.0
S4FE4SR,0.0,0.0
S4FE4ST,0.0,0.0
SADT2,0.0,-0.007100779084297794
SBTPD,0.0,0.0
SBTptspp,0.0,1.3877787807814457e-17
SCYSDS,0.0,-0.0035503895421490476
SDPDS,0.0,-5.551115123125783e-17
SELabcpp,0.0,-0.007100779084297773
SGSAD,0.0,0.0
SHCHD2,0.0,4.440892098500626e-16
SHCHF,0.0,1.0704641223969655e-16
SHSL1,0.0,-0.007100779084311181
SKMt2pp,0.0,0.0
SLNTabcpp,0.0,-0.007100779084297773
SOTA,0.0,2.7755575615628914e-17
SPMDt3pp,0.0,-0.007100779084297678
SSALx,0.0,0.0
SUCCt2_2pp,0.0,0.0
SUCptspp,0.0,1.3877787807814457e-17
SULFACabcpp,0.0,5.551115123125783e-17
SULR,0.0,-4.8807172278441274e-15
T2DECAI,11.526948675860362,0.0
TALA,-0.009684354155934228,3.404412042681982e-17
TARTD,0.0,1.3877787807814457e-17
TAURabcpp,0.0,-0.007100779084297893
TDPAGTA,0.0,2.7755575615628914e-17
TDSK,0.0,1.1102230246251565e-16
TGBPA,0.0,0.0
THD2pp,0.0,1.90772853450425e-15
THDPS,0.0,-0.007100779084297279
THFAT,0.0,0.0
THIORDXi,0.0,-0.05680623267442528
THMabcpp,0.0,-0.007100779084297773
THRA,7.569750351466944,4.163336342344337e-17
THRA2,0.0,-2.2314434361900693e-15
THRD,0.0,5.355605699548338e-16
THRabcpp,0.0,0.0
THRt2pp,0.0,-0.007100779084297798
THZPSN3,0.0,0.0
TMAOR1pp,0.0,-4.440892098500626e-16
TMAOR2pp,0.0,7.842899004725904e-16
TMDS,0.0,-1.1102230246251565e-16
TMPPP,0.0,-5.724587470723463e-17
TPRDCOAS,0.0,0.0
TRE6PH,0.0,-0.007100779084298026
TRE6PP,0.0,-5.551115123125783e-17
TRE6PS,0.0,4.772062642907322e-16
TREptspp,0.0,-1.9740067174322144e-16
TRPAS2,-0.021713154256725414,3.846388081641553e-17
TSULabcpp,0.0,0.0
TTRCYCtpp,0.0,0.0
TUNGSabcpp,0.0,0.0
TYRL,0.0,-1.1102230246251565e-16
UACMAMO,0.0,2.220446049250313e-16
UDCPDPpp,0.0,0.0
UDPGDC,0.0,1.1102230246251565e-16
UDPGPT,0.0,1.0852860750360849e-16
UDPKAAT,0.0,0.0
ULA4NFT,0.0,0.0
UPLA4FNT,0.0,1.6653345369377348e-16
VALTA,0.0,0.0
VALabcpp,0.0,-0.0071007790842978185
WCOS,0.0,3.3306690738754696e-16
XAND,0.0,0.0
XPPT,0.0,-1.734723475976807e-18
XYLUt2pp,0.0,0.0
XYLabcpp,0.0,-0.007100779084297822
ZN2t3pp,0.0,-0.0071007790842978445
3HBCOAHL,0.0,2.220446049250313e-16
3MMD,0.0,3.2004184361734075e-16
4ABUTD,0.0,1.1102230246251565e-16
4H2KPILY,0.0,-2.7755575615628914e-17
4HBHYOX,0.0,-0.16095099257751067
4HBZR,1.4274208792140504e-05,6.245004513516506e-17
4HTHRS,0.0,-0.007100779084297835
ACACT5r_1,0.0,-3.6452689983003774e-15
ACOAD1f,11.526948675860357,-1.4549379495216065e-16
ACOAD2,0.0,-1.9314158028397684e-15
ACOAD20,0.0,-4.440892098500626e-16
ACOAD2f,11.526948675860357,-2.909875899043213e-16
ACOAD3f,11.526948675860357,0.0
ACOAD4_1,0.0,-0.0
ACOAD4f,11.526948675860357,-1.5784392361525122e-16
ACOAD5_1,0.0,0.0
ACOAD5f,11.526948675860357,0.0
ACOAD6f,11.52694867586036,-1.5784392361525122e-16
ACOAD7f,11.52694867586036,-1.5784392361525122e-16
ACOAD8f,0.0,-1.5784392361525122e-16
ACOADH2,0.0,0.0
ACS2,0.0,2.7252231637922046e-16
ADHEr,0.0,1.0841728970847441e-15
ADK2,11.981504092459078,8.07500069583524e-17
ADKd,0.0,0.0
ADNCYC,0.0,-1.1102230246251565e-16
ADNt2,0.0,5.551115123125783e-17
AGPAT120,0.0,5.551115123125783e-17
AGPAT140,0.0,5.551115123125783e-17
AGPAT141,0.0,1.1102230246251565e-16
AGPAT180,0.0,-1.1102230246251565e-16
AGPAT181,0.0,3.3306690738754696e-16
AHSERL2,0.0,0.0
AKGDa,0.0,-0.0
AKGDb,0.0,-0.014201558168594718
AKP1,0.0,-0.007100779084297682
ALAALAD,0.0,-0.007100779084297763
ALATA_D,0.11087416975875343,4.779609651380036e-17
ALAabc,0.0,-0.007100779084297804
ALCD19y,0.0,-1.7749354792313967e-15
AMMQT8,0.0,-2.220446049250313e-16
AMMQT8_2,0.0,-0.028403116337210894
AMPMS,0.0,-0.0639070117587204
APH120,0.0,0.0
APH140,0.0,-1.7893963292442598
APH141,0.0,0.0
APH160,11.52694867586036,0.0
APH161,0.0,0.0
APH180,0.0,-0.003550389542148945
APH181,0.0,0.0
ARGN,0.0,-5.551115123125783e-17
ARGN_1,0.0,0.0
ASO3t4pp,0.0,0.0
ASO4t4pp,0.0,0.0
ASPO1,0.0,-3.2243498734410796e-15
ASR2,0.0,1.734723475976807e-18
BCOALIG,0.0,-4.945669213042518e-16
BCOALIG2,1.4274208792140504e-05,-1.1102230246251565e-16
BG_CELLB,0.0,0.0
BTS2,6.610579494491135e-05,-2.7755575615628914e-17
C120SN,0.0,-1.3756105304085536e-14
C140SN,0.0,-1.1979748464685287e-14
C141SN,0.0,-1.619752993813424e-14
C160SN,0.0,-0.05680623267443509
C161SN,0.0,-1.440980221738316e-15
C181SN,0.0,-3.439026326021384e-15
CA2abc,0.0,-0.007100779084297798
CAt4,-8.279295254929184e-06,-0.0
CD2abc1,0.0,-0.007100779084297815
CD2t4,0.0,0.0
COALDDH,0.0,0.0
CPPPGOAN2,0.0,-0.7148117611531066
CRO4t3pp,0.0,0.0
CSND,0.0,0.0
CYTBCYTC,0.0,0.0
CYTD,0.0,6.938893903907228e-18
CYTDt2,0.0,0.0
CYTOM,0.0,-0.0
Cut1,0.0,-0.014201558168595804
DADNt2,0.0,0.0
DCYTD,0.0,0.0
DCYTt2,0.0,0.0
DHAD3,0.0,0.0
DHEDAA,0.0,0.0
DHNPA2r,0.0,2.913815549861917e-17
DHPACCOAHIT,0.0,0.0
DHPS,0.005353064930230728,5.551115123125783e-17
DPHAPC100,0.0,0.0
DPHAPC120,0.0,0.0
DPHAPC121,0.0,0.0
DPHAPC140,0.0,0.0
DPHAPC141,0.0,0.0
DPHAPC60,0.0,0.0
DPHAPC80,0.0,0.0
DRBK,0.0,-5.551115123125783e-17
DURIPP,0.0,0.0
DURIt2,0.0,-0.08520934901163993
ECOAH9ir,0.0,0.0
EDTXS1,0.0,5.551115123125783e-17
FACOAL40It2pp,0.0,-1.1102230246251565e-16
FACOAL40t2pp,0.0,-0.007100779084297238
FACOAL50It2pp,0.0,1.1102230246251565e-16
FADRx,0.0,-3.009250183996825e-15
FASm220,0.0,-2.220446049250313e-16
FASm240,0.0,-2.220446049250313e-16
FASm260,0.0,-2.220446049250313e-16
FASm280,0.0,-2.220446049250313e-16
FDH,0.0,-3.768555012256192e-15
FDMO1,0.0,-1.1102230246251565e-16
FDMO2_1,0.0,-0.23432570978198927
FDMO3_1,0.0,-1.942890293094024e-16
FDMO4_1,0.0,-1.942890293094024e-16
FDMO5_1,0.0,-6.938893903907228e-17
FDMO6_1,0.0,-2.220446049250313e-16
FDMO_1,0.0,-0.2343257097819892
FDMOtau,0.0,2.7755575615628914e-17
FEENTER2tpp,0.0,-0.0071007790842977855
FEENTERtex,0.0,0.0
FERULCOAS,0.0,-1.1102230246251565e-16
FOLR2,0.0,-2.220446049250313e-16
FORt,0.0,-0.0
FORt2,0.0,0.0
FORti,0.0,0.0
FRNDPR2r_1,0.0,2.220446049250313e-16
FTHFCL,0.0,-0.0071007790842977985
FUMAC,0.0,-1.3877787807814457e-17
G3PD1,0.0,-1.4892642307281288e-14
G3PD2_1,0.0,1.3117882526194541e-14
GCCa,0.0,1.3877787807814457e-17
GLCabc,0.0,-0.007100779084297746
GLCtex,0.0,0.0
GLUTCOADHc,0.0,-2.220446049250313e-16
GLYC3Pabc,0.0,-0.007100779084297827
GLYCK2,0.0,-0.007100779084310263
GM1LIPAabcpp,0.0,-0.007100779084297773
GPDDA2,0.0,1.3877787807814457e-17
GPDDA5,0.0,0.0
GTHPe_1,0.0,-0.0
GTPCII2,0.0,5.0306980803327406e-17
GTPH1,0.0,-0.01420155816859566
HACD1_2,0.0,-0.0
HACD1i,11.526948675860357,1.7763568394002505e-15
HACD2i,11.526948675860355,0.0
HACD3i,0.0,0.0
HACD4i,0.0,-2.220446049250313e-16
HACD5i,0.0,-2.220446049250313e-16
HACD6i,0.0,8.295894379750943e-16
HACD7i,0.0,0.0
HGNTOR,0.0,0.0
HKtpp,0.0,-0.0071007790842977855
HMGL,0.0,0.0
HPACt2r,0.0,0.0
HSTPTr,0.0,6.599245282666919e-17
HYD1,0.0,-0.02840311633721327
HYD2,0.0,-2.610328555119914e-15
HYD3,0.0,-3.924520811623453e-15
IBTMr,0.0,0.0
ILEabc,0.0,-1.650021221855515e-16
IOR2b,0.0,0.0
IOR3b,0.0,1.5784392361525122e-16
IORb,0.0,-0.0
KAS16,0.0,-1.1102230246251565e-16
KAT2,0.0,6.270744936250733e-16
KAT3,0.0,2.0251494435002097e-16
KAT4,0.0,6.270744936250733e-16
KAT5,11.52694867586036,4.440892098500626e-16
KAT6,11.52694867586036,-2.220446049250313e-16
KAT7,0.0,-2.220446049250313e-16
Kabc,0.0,-0.0071007790842977855
Kt1,0.0,0.0
Kt2r,0.0,0.0
Kt3r,0.0,0.0
MALT,0.0,-0.01420155816859595
MALTHPabc,0.0,0.0
MALTabc,0.0,0.0
MDDCP1ex,0.0,0.0
MDDCP4ex,0.0,0.0
MDDCP5ex,0.0,0.0
METabc,0.0,-5.551115123125783e-17
MGt5,-0.008819126453242338,-0.0
MLTG1,0.0,-0.007100779084297836
MLTG3,0.0,-0.007100779084297902
MLTG5,0.0,-0.00710077908429812
MME,0.0,0.0
MMM2,0.0,0.0
MMSAD2,0.0,0.0
MMSAD3,0.0,-5.095760461725593e-15
MNabc,0.0,-0.0071007790842978515
MOTH1,0.0,5.551115123125783e-17
MOTH2,0.0,1.1102230246251565e-16
MOTH3,0.0,-1.1102230246251565e-16
MOTH4,0.0,-2.220446049250313e-16
MOTS1,0.0,0.0
MOTS2,0.0,-2.220446049250313e-16
MOTS3,0.0,2.220446049250313e-16
MOTS4,0.0,2.220446049250313e-16
MTHFR2_1,0.0,0.0
MTI,0.0,0.0
NADHDH,0.0,1.846709552507805e-15
NADPHQR2,0.0,-0.028403116337215102
NADPHQR3,0.0,-4.6588502929402024e-15
NADS1,0.00018395992159458835,-3.3306690738754696e-16
NAt3_1,0.0,0.0
NFORGLUAH,0.0,-5.204170427930421e-18
NH4t,0.0,-0.0
NIT1b_1,0.0,-0.028403116337137893
NTD5pp,0.0,0.0
NTPTP1,0.0,-0.00710077908429786
OCBT_1,0.0,0.0
OCOAT1,0.0,-0.0071007790842976155
OOR3r,0.0,-0.028403116337201134
OPHHX,0.005298924292149293,-4.440892098500626e-16
OXOAEL,0.0,0.0
OXPTNDH,0.0,0.0
PACCOAL3,0.0,-1.1102230246251565e-16
PC,0.0,-0.007100779084296096
PEPCK_re,0.0,-1.6347165251770294e-15
PGK_1,0.0,4.050246414605315e-16
PHAPC100,0.0,0.0
PHAPC120,0.0,0.0
PHAPC121,0.0,0.0
PHAPC140,0.0,0.0
PHAPC141,0.0,0.0
PHAPC60,0.0,0.0
PHAPC80,0.0,0.0
PIabc,0.0,-0.007100779084297848
PIt2r,-2.2188151464397183,-0.0
POR,81.61956199411966,5.551115123125783e-17
PPA_1pp,0.0,-0.0071007790842977335
PPDK,0.0,1.8672991253858047e-16
PPK2r,0.0,-1.8012414126237368e-16
PPKr,0.0,-5.551115123125783e-17
PRDX,6.610579494491136e-05,-3.469446951953614e-18
PRFGS_1,0.0,1.3695845372715959e-16
PSD160,0.0,0.0
PSD180,0.0,0.0
PSSA160,0.0,-0.007100779084314689
PSSA180,0.0,-0.021302337252910065
PTRCabc,0.0,5.551115123125783e-17
QRr,0.0,-1.1102230246251565e-16
QUINtex,0.0,2.8378234271601063e-17
RIBabc,0.0,0.0
RNTR1,0.0,1.1102230246251565e-16
RNTR2,0.0,-1.1108215020614967e-16
RNTR3,0.0,-2.095348583783086e-16
RNTR4,0.0,-2.1023668024296504e-16
S7PI,0.0,0.0
SALCHS4abcpp,0.0,-0.007100779084297773
SDPTAi,0.0,-4.379525399233707e-17
SHSL2r,0.0,-5.551115123125783e-17
SO3abcpp,0.0,0.0
SUCBZT1,0.0,-3.6850969549309e-17
SUCBZT2,0.0,1.47403878197236e-16
SUCCabc,0.0,-0.0071007790842978705
SUCR,0.0,8.326672684688674e-17
SULabc,0.07361948823398576,0.0
THD2,0.0,1.8512283957694674e-15
THMDt2,0.0,0.0
THRA2i,0.0,-2.2314434361900693e-15
THRAi,0.0,5.3564139965852204e-17
THRabc,0.0,0.0
TMDPP,0.0,0.0
TREabc,0.0,-5.551115123125783e-17
TRPTA,0.0,-1.9730490451906402e-17
TSULabc,0.0,5.551115123125783e-17
TYRt2rpp,0.0,0.0
URIt2,0.0,0.0
USHD,0.0,0.0
VALabc,0.0,-0.007100779084297917
ZN2t4,0.0,-0.0071007790842978445
2AGPEAT120,0.0,-2.5633812494332258
2AGPEAT141,0.0,-2.8758155291425433
2AGPEAT161,0.0,-3.2450560415262486
4CMLCL_kt,0.0,0.0
4HTHRK,1.858181026195805e-05,0.0
5CM2HMUDI,0.0,0.0
ACGAMPM,0.0,0.0
AGMtex,0.0,0.0
ALCD2ir,0.0,1.6719683322746314e-15
ALCD4,0.0,-0.0
ALDD31_1,0.0,-1.3877787807814457e-17
ALDD6,0.0,0.0
ALR3,0.0,-0.01420155816859987
AMPtex,0.0,0.0
ANHGMtex,0.0,0.0
APENTAMAH,0.0,0.0
APTNAT,0.0,0.0
ASO3tex,0.0,-0.0
ASPtex,0.0,0.0
ATPHs,0.0,6.938893903907228e-18
BSCT,-1.4274208792140503e-05,1.4740387819723602e-16
BTS3r,0.0,3.246677151336041e-17
CITtex,0.0,2.0410520891695947e-17
CLt3_2pp,8.279295254929184e-06,0.0
CMPtex,0.0,0.0
COALCDH,0.0,0.0
CONFRLtex,0.0,0.0
CONFRLtpp,0.0,0.0
CYO1a,0.0,-1.734723475976807e-18
CYOO2pp,4.491075710731223,0.0
CYTDtex,0.0,-0.0
DAMPtex,0.0,-0.0
DAPDA,0.0,0.0
DCAtex,0.0,-5.772662883455705e-17
DCMPtex,0.0,-0.0
DGMPtex,0.0,0.0
DGNSK,0.0,0.0
DGSNtex,0.0,-0.0
DHNAOT,0.0,1.6479873021779667e-16
DKMPPD3,6.216460160364149e-05,-2.220446049250313e-16
DTMPtex,0.0,0.0
ECOAH12,0.0,0.0
EDTXS2,0.0,-2.456869563168655
ETOHtrpp,0.0,-0.0
EX_12ppd__S_e,0.0,-0.24852726795059799
EX_2hxmp_e,0.0,0.0
EX_3mb_e,0.0,0.0
EX_4hbz_e,0.0,-0.48758683045543316
EX_4hphac_e,0.0,-0.5869977376356673
EX_ac_e,-1.0,-0.13491480260174332
EX_acald_e,0.0,0.0
EX_adn_e,0.0,-0.982274439995219
EX_agm_e,0.0,0.0
EX_ala__D_e,0.0,0.0
EX_ala__L_e,0.0,-0.2769303842878137
EX_amp_e,0.0,0.0
EX_anhgm_e,0.0,-1.498264386787859
EX_arbt_e,0.0,0.0
EX_aso3_e,0.0,0.0
EX_aso4_e,0.0,0.0
EX_asp__L_e,0.0,-0.27693038428781547
EX_btoh_e,0.0,0.0
EX_but_e,0.0,-0.3266358378779073
EX_buts_e,0.0,0.0
EX_butso3_e,0.0,0.0
EX_bz_e,0.0,-0.5159899467926502
EX_cell4_e,0.0,0.0
EX_cell500_e,0.0,0.0
EX_cellb_e,0.0,-0.8094888156105122
EX_cgly_e,0.0,0.0
EX_cit_e,0.0,-0.29823272154070624
EX_cmp_e,0.0,-0.7834526256347377
EX_confrl_e,0.0,-0.5964654430814407
EX_cytd_e,0.0,-0.7834526256347378
EX_dad_2_e,0.0,-1.0177783354167322
EX_damp_e,0.0,0.0
EX_dca_e,0.0,-0.894698164622112
EX_dcmp_e,0.0,0.0
EX_dcyt_e,0.0,0.0
EX_dextrin_e,0.0,0.0
EX_dgmp_e,0.0,-0.0
EX_dgsn_e,0.0,0.0
EX_drib_e,0.0,0.0
EX_dtmp_e,0.0,-0.0
EX_duri_e,0.0,0.0
EX_enter_e,0.0,0.0
EX_eths_e,0.0,0.0
EX_ethso3_e,0.0,0.0
EX_etoh_e,0.0,0.0
EX_feenter_e,0.0,0.0
EX_for_e,0.0,-0.028403116337217028
EX_frmd_e,0.0,-0.11361246534885694
EX_fru_e,0.0,-0.404744407805256
EX_g3pc_e,0.0,0.0
EX_g3pi_e,0.0,0.0
EX_g3ps_e,0.0,-0.48285297773261093
EX_galct__D_e,0.0,0.0
EX_glc__D_e,0.0,-0.4047444078052561
EX_glcur_e,0.0,0.0
EX_glucan1500_e,0.0,0.0
EX_glucan4_e,0.0,0.0
EX_glucan6_e,0.0,0.0
EX_gly_e,0.0,-0.17751947710758434
EX_glyb_e,0.0,0.0
EX_glyc2p_e,0.0,-0.22722493069769983
EX_glyc3p_e,0.0,-0.23432570978199763
EX_glyc_e,0.0,-0.22722493069769986
EX_gm1lipa_e,0.0,0.0
EX_gmp_e,0.0,0.0
EX_gthox_e,0.0,0.0
EX_gthrd_e,0.0,-0.0
EX_gua_e,0.0,0.0
EX_h2_e,0.0,0.0
EX_h2o2_e,0.0,0.0
EX_h2s_e,0.0,0.0
EX_hexs_e,0.0,0.0
EX_his__L_e,0.0,-0.6272354857800763
EX_hqn_e,0.0,0.0
EX_hxan_e,0.0,0.0
EX_ibt_e,0.0,0.0
EX_id3acald_e,0.0,0.0
EX_ile__L_e,0.0,-0.5609615476599297
EX_imp_e,0.0,-0.897065090983579
EX_isetac_e,0.0,0.0
EX_istnt_e,0.0,0.0
EX_kdo2lipid4_e,0.0,0.0
EX_lipa_e,0.0,0.0
EX_lys__L_e,0.0,-0.6106670012500586
EX_madg_e,0.0,0.0
EX_malt_e,0.0,-0.8165895946948105
EX_malthp_e,0.0,-2.875815529142581
EX_mbdg_e,0.0,0.0
EX_met__L_e,0.0,-0.5680623267442346
EX_mso3_e,0.0,0.0
EX_murein4p3p_e,0.0,0.0
EX_murein4p4p_e,0.0,0.0
EX_murein4px4p_e,0.0,0.0
EX_murein4px4px4p_e,0.0,0.0
EX_murein5p3p_e,0.0,0.0
EX_murein5p4p_e,0.0,0.0
EX_murein5p5p_e,0.0,0.0
EX_murein5px4p_e,0.0,0.0
EX_murein5px4px4p_e,0.0,0.0
EX_nmn_e,0.0,0.0
EX_no2_e,0.0,-0.0
EX_octa_e,0.0,0.0
EX_oxa_e,0.0,0.0
EX_pac_e,0.0,0.0
EX_pdima_e,0.0,0.0
EX_ppa_e,0.0,0.0
EX_pro__L_e,0.0,-0.4473490823110703
EX_pyr_e,0.0,-0.16331791893896053
EX_quin_e,0.0,-0.47338527228683597
EX_rib__D_e,0.0,-0.3290027642393635
EX_rnam_e,0.0,0.0
EX_s_e,0.0,0.0
EX_salchs4_e,0.0,0.0
EX_salchs4fe_e,0.0,0.0
EX_salcn_e,0.0,0.0
EX_sbt__D_e,0.0,0.0
EX_skm_e,0.0,0.0
EX_so3_e,0.0,0.0
EX_succ_e,0.0,-0.2201241516133856
EX_sucr_e,0.0,-0.8023880365262144
EX_sula_e,0.0,0.0
EX_sulfac_e,0.0,0.0
EX_tartr__D_e,0.0,-0.16331791893896228
EX_tartr__L_e,0.0,-0.16331791893896228
EX_taur_e,0.0,0.0
EX_thr__L_e,0.0,-0.3408373960465408
EX_thymd_e,0.0,0.0
EX_tma_e,0.0,0.0
EX_tmao_e,0.0,0.0
EX_tol_e,0.0,0.0
EX_tre_e,0.0,-0.8165895946948105
EX_tsul_e,0.0,-0.14911636077034526
EX_udcpo5_e,0.0,0.0
EX_ump_e,0.0,-0.698243276623098
EX_ura_e,0.0,0.0
EX_urate_e,0.0,0.0
EX_urea_e,0.0,-0.16331791893898204
EX_uri_e,0.0,-0.6982432766230979
EX_val__L_e,0.0,-0.4686514195639895
EX_vanln_e,0.0,-0.4118451868895683
EX_xmp_e,0.0,-0.8686619746463653
FACOAL160,11.526948675860362,-3.3306690738754696e-16
FALGTHLs,6.610579494491136e-05,0.0
FAS120,0.0,-0.06390701175871484
FAS200,0.0,-4.440892098500626e-16
FASC200ACP,0.0,0.0
FCOAHA,0.0,0.0
FOAMtex,0.0,-0.0
FOAMtrpp,0.0,0.0
FORAMD,0.0,0.0
G3PCtex,0.0,0.0
G3PItex,0.0,0.0
G3PStex,0.0,0.0
G6PI,0.0,-0.0
GCCb,0.0,-5.869391167303691e-16
GCCc,0.0,2.220446049250313e-16
GLCTR4,0.0,0.0
GLXCBL,0.0,0.0
GLYC2Ptex,0.0,-1.4856079742237918e-17
GLYCtpp,0.0,0.0
GLYtex,0.0,0.0
GMPtex,0.0,0.0
GPDDA1,0.0,1.3877787807814457e-17
GPDDA3,0.0,0.0
GPDDA4,0.0,1.3877787807814457e-17
GTPHs,0.0,-4.85722573273506e-17
H2CO3D,0.0,0.0
H2tpp,0.0,0.0
HACD8i,0.0,-2.0251494435002097e-16
HACD9,0.0,0.0
HEX4,0.0,-0.0071007790842978254
HEX7,0.4347019152935081,5.551115123125783e-17
HIStex,0.0,0.0
HPAtex,0.0,-0.0
IMPtex,0.0,0.0
KAT1,11.526948675860357,0.0
LACD,0.0,-4.566257287236283e-17
LCTStpp,0.0,-0.0
LPD5,0.0,-3.6028597542947635e-15
LYSMO,0.0,-5.551115123125783e-17
MACCOAT,0.0,0.0
MDDCP2ex,0.0,0.0
MDDCP3ex,0.0,0.0
MELIBt2pp,0.0,0.0
METOX1s,0.0,-0.056806232674425305
METOX2s,0.0,-0.056806232674425305
METtex,0.0,-0.0
MGSA,0.0,0.0
MMTSAO,0.0,4.440892098500626e-16
MOSDC,0.0,0.0
MPTAT,0.0,-2.220446049250313e-16
MUCCY_kt,0.0,0.0
N2trpp,1.4970252369104078,0.0
NH3c,0.0,0.0
NMNAT,0.0,-2.220446049250313e-16
NMNR,0.0,0.0
NOVBCNtex,0.0,0.0
NT5C,0.0,0.0
NTD10pp,0.0,0.0
NTD11pp,0.0,-5.551115123125783e-17
NTD3pp,0.0,0.0
NTD6pp,0.0,0.0
NTD8pp,0.0,0.0
OHEDH,0.0,0.0
PACCOAL2,0.0,-3.3306690738754696e-16
PHACOAOR,0.0,1.6306400674181987e-16
PLIPA1E120pp,0.0,0.0
PLIPA1E141pp,0.0,0.0
PLIPA1E160,0.0,1.1102230246251565e-16
PLIPA1E161pp,0.0,-1.1102230246251565e-16
PLIPA1E180,0.0,-1.1102230246251565e-16
PLIPA2A120pp,0.0,0.0
PLIPA2A140pp,0.0,0.0
PLIPA2A141pp,0.0,-2.220446049250313e-16
PLIPA2A160pp,0.0,3.3306690738754696e-16
PLIPA2A161pp,0.0,0.0
PLIPA2A180pp,0.0,-1.1102230246251565e-16
PLIPA2A181pp,0.0,0.0
PLIPA2E140pp,0.0,-1.1102230246251565e-16
PLIPA2E160pp,0.0,0.0
PLIPA2E180pp,0.0,-5.551115123125783e-16
PLIPA2E181pp,0.0,-3.3306690738754696e-16
PLIPA2G120pp,0.0,0.0
PLIPA2G140pp,0.0,2.220446049250313e-16
PLIPA2G141pp,0.0,-2.220446049250313e-16
PLIPA2G160pp,0.0,2.220446049250313e-16
PLIPA2G161pp,0.0,0.0
PLIPA2G180pp,0.0,1.1102230246251565e-16
PLIPA2G181pp,0.0,1.1102230246251565e-16
PPAt4pp,0.0,1.3877787807814457e-17
PPCOAC,0.0,-0.007100779084297976
PREPHACPH,0.0,0.0
PSD140,0.0,-2.220446049250313e-16
PSD181,0.0,-2.220446049250313e-16
RFAMPtex,0.0,0.0
SCYSSL_1,0.0,0.0
SLCYSS,0.0,0.0
SUCCtex,0.0,0.0
TARTRDtex,0.0,0.0
TARTRDtpp,0.0,3.03566866224185e-17
THMDtex,0.0,0.0
THPAT,0.0,-1.6653345369377348e-16
UDCPPtppi,0.0,0.0
UMPtex,0.0,-0.0
UREAtex,0.0,-0.0
URItex,0.0,0.0
VNLNpp,0.0,0.0
XMPtex,0.0,-0.0
XTSNt2rpp,0.0,0.0
BSORy,0.0,1.1102230246251565e-16
INS2D,0.0,0.0
BDH,0.0,-0.0
HIBD,0.0,0.0
HGD,0.0,1.3877787807814457e-16
CCP,0.0,-0.0
PC6AR,0.0,8.49699338178132e-16
SUCD1,0.9500591547156056,1.3877787807814457e-17
N2OR,0.0,-0.02840311633721325
SULO,0.0,-0.014201558168601296
PC6YM,3.6318992784736177e-06,-2.220446049250313e-16
MHPGLUT,0.0,0.0
APPLDHr,0.0,-0.0
GTMLT,0.0,8.326672684688674e-17
PSPPS,0.0,-0.0
SQLS,0.0,-1.1102230246251565e-16
HSPMS,0.0,0.0
APATr,0.0,-5.551115123125783e-17
FRUK,0.0,-1.4930219164924276e-14
PFK_2,0.0,0.0
G3PCT,0.0,-1.734723475976807e-18
ACNMCT,0.0,-1.734723475976807e-18
ASCBPL,0.0,0.0
PHACTE,0.0,-0.00710077908429794
ACOAH,8.643268674048263,3.0531133177191805e-16
3PHACTE,0.0,2.220446049250313e-16
HYPOE,0.0,-0.08520934901163035
PDXPP,0.0,0.0
PYDXPP,0.0,-1.18397461077295e-16
AAMYL_1,0.0,0.0
LACZ,0.0,2.7755575615628914e-17
LACZpp,0.0,0.0
AHEXASE3,0.0,0.0
HXAD,0.0,0.0
AMAA,0.0,0.0
ALPHNH,0.0,0.0
CRTNh,0.0,0.0
BLACT,0.0,-0.0
DCTPD,0.0,-0.007100779084297584
DCTPD2,0.0,-0.0071007790842976025
ACYP,0.0,-0.007100779084297383
ACYP_2,0.0,-0.0071007790842979295
HMSH,0.0,-5.204170427930421e-18
HMSH2,0.0,0.0
OCAALD,0.0,0.0
CYSTS,0.0,-0.007100779084310675
CMHMI,0.0,0.0
OMAIS,0.0,0.0
AACOAT,0.0,-0.007100779084297562
ASNTRAT,0.0,-0.0
MCCC,0.0,-5.551115123125783e-17
MBCOAi,0.0,2.220446049250313e-16
UREASE,0.0,-0.007100779084297841
PDS1_1,0.015850553866509787,-1.1102230246251565e-16
PHYTEDH2,0.0,1.3389014248870843e-15
PHYTEDH1,0.0,-4.440892098500626e-16
PDS2_1,0.015850553866509787,-1.1102230246251565e-16
PHYTFDH1,0.0,-3.8794972345040965e-15
PHYTFDH2,0.0,-2.0965065997669496e-15
ZCAROTDH1,0.01266813849952176,-3.3306690738754696e-16
ZCAROTDH2,0.011935455875487612,-1.1102230246251565e-16
HNPSYN,0.010344248191993597,2.238509555735015e-16
HNPMT,0.007957436666752579,0.0
LCLY,0.007957436666752577,2.1324905043619777e-16
HNPMT2,0.007957436666752577,-1.8399839811973672e-16
H1CTDS,0.00238681152524102,2.0901954115482507e-16
DMPMT,0.0023868115252410208,2.659043161171024e-16
C12HR,0.0023868115252410208,0.0
HC34DS,0.0023868115252410203,0.0
DMPMT2,0.0023868115252410203,-1.676263420092667e-16
PQBS1,0.0,0.0
PQBS2,0.0,-2.220446049250313e-16
HMBS_1,0.008792653549471032,2.7755575615628914e-17
MPOMC2,0.008753040508503496,3.3306690738754696e-16
MPOMMM2,0.008753040508503496,3.3306690738754696e-16
MPOMOR2_1,0.008753040508503496,1.1102230246251565e-16
DVOCHR,0.008753040508503496,5.551115123125783e-16
CPRDFE,0.008753040508499586,-4.3976053616759285e-16
V2BCHYD,0.008753040508499586,0.0
BCPADH,0.008753040508499585,4.1803908230965013e-16
BCPISO,0.007957436666752577,0.0
GDPAGT,0.0007956038417470068,-3.6581774819719966e-18
GDPBGT,0.007957436666752577,-4.9208815330843266e-17
GDPAR,-0.0007956038417470067,-4.702739475447038e-16
GDPBR,0.007957436666752577,-3.3253389732422674e-16
BORtex,2.5891025831155885e-08,0.0
EX_bo3_e,-2.589102583115589e-08,0.0
BIOMASS_MINERALS,0.007097712093948835,8.615192162946769e-21
BIOMASS_MISC,0.11285362229378647,3.154427779549551e-17
OMCDC,0.1732541994892288,0.0
12PPDStex,0.0,0.0
12PPDStpp,0.0,1.5927118657934076e-17
ABUTtex,0.0,0.0
ABUTt2pp,0.0,-2.7755575615628914e-17
4HPROLTtex,0.0,0.0
4HPROLTpp,0.0,0.0
5DGLCNtex,0.0,2.0410520891695947e-17
5DGLCNt2rpp,0.0,0.0
5OXPROtex,0.0,-0.0
5OXPROpp,0.0,-0.0
ACtex,0.9999999999999998,1.0205260445847974e-17
ACACtex,0.0,0.0
ACACt2pp,0.0,0.0
ACGLUtex,0.0,0.0
ACGLUpp,0.0,0.0
ACMANAtex,0.0,0.0
AKGtex,0.0,2.0410520891695947e-17
ALAtex,0.0,0.0
ALAt2pp,0.0,2.7755575615628914e-17
ARBtex,0.0,0.0
ARBt2rpp,0.0,-0.0
ASNtex,0.0,-0.0
ASNt2rpp,0.0,-0.0
ASPt2pp,0.0,0.0
BUTtex,0.0,0.0
BUTt2rpp,0.0,0.0
CITt_kt,0.0,0.0
CITMtex,0.0,0.0
CITMtpp,0.0,0.0
DHAtex,0.0,-0.0
DHAtpp,0.0,-0.0
ETHAtex,0.0,0.0
ETHAt2pp,0.0,1.3877787807814457e-17
F6Ptex,0.0,4.290458681928137e-17
F6Pt6_2pp,0.0,0.0
FORtex,0.0,0.0
FRUtex,0.0,0.0
FUMtex,0.0,0.0
FUMt2_2pp,0.0,0.0
G1Ptex,0.0,0.0
G6Ptex,0.0,0.0
G6Pt6_2pp,0.0,-2.7755575615628914e-17
GALtex,0.0,-0.0
GALt2pp,0.0,0.0
GHBtex,0.0,0.0
GHBpp,0.0,-1.6485660462973313e-17
GLCt2pp,0.0,5.61470697513042e-17
GLCNtex,0.0,-2.1481897222993854e-17
GLCNt2rpp,0.0,0.0
GLUtex,0.0,0.0
GLYC3Ptex,0.0,0.0
GLYC3Pt6pp,0.0,0.0
GLYCtex,0.0,0.0
GLYCLTtex,0.0,0.0
GLYCLTt2rpp,0.0,0.0
GLYCOGENtex,0.0,0.0
GLYCOGENpp,0.0,-0.0
HPYRtex,0.0,0.0
HPYRpp,0.0,1.2139534769050213e-17
HXAtex,0.0,0.0
HEXt2rpp,0.0,-5.678298827135057e-17
ILEtex,0.0,-0.0
INSTtex,0.0,0.0
INOSTt4pp,0.0,-0.23432570978199765
INStex,0.0,-7.658603968321631e-17
INSt2pp,0.0,-5.551115123125783e-17
L_LACtex,0.0,2.0410520891695947e-17
L_LACt2rpp,0.0,0.0
LYStex,0.0,0.0
MALDtex,0.0,-1.4510784331160834e-17
MALDt2_2pp,0.0,0.0
MALtex,0.0,0.0
MALt2_2pp,0.0,0.0
MALTtexi,0.0,-5.551115123125783e-17
MALTTRtexi,0.0,0.0
OXFOtex,0.0,0.0
OXAtpp,0.0,0.0
PROtex,0.0,0.0
PYRtex,0.0,0.0
PYRt2rpp,0.0,0.0
QUIN2tex,0.0,5.675646854320213e-17
QUIN2tpp,0.0,0.0
RIBtex,0.0,-0.0
SERtex,0.0,0.0
SERt2rpp,0.0,0.0
SUCRtex,0.0,-0.0
TARTt2_3pp,0.0,1.0646810300878229e-17
SUCTARTtpp,0.0,1.517834331120925e-17
TARTRtex,0.0,0.0
TARTRtpp,0.0,-0.0
THMDt2pp,0.0,0.0
TREtex,0.0,0.0
TREHpp,0.0,-0.007100779084298233
URIt2pp,0.0,-5.551115123125783e-17
VALtex,0.0,-3.505637443117099e-17
VALt2rpp,0.0,0.0
XYLtex,0.0,-0.0
XYLt2pp,0.0,0.0
EX_4abut_e,0.0,-0.36213973329945204
EX_4hpro_LT_e,0.0,0.0
EX_5dglcn_e,0.0,-0.3361035433236636
EX_5oxpro_e,0.0,-0.3834420705523447
EX_acac_e,0.0,-0.2698296052034871
EX_acglu_e,0.0,-0.5183568731540876
EX_acmana_e,0.0,0.0
EX_akg_e,0.0,-0.2698296052034912
EX_arab__L_e,0.0,-0.3361035433236614
EX_asn__L_e,0.0,0.0
EX_citm_e,0.0,-0.29113194245641166
EX_dha_e,0.0,-0.20592259344476946
EX_etha_e,0.0,-0.24852726795059643
EX_f6p_e,0.0,-0.41184518688955385
EX_fum_e,0.0,-0.19172103527617562
EX_g1p_e,0.0,-0.4047444078052561
EX_g6p_e,0.0,-0.4118451868895542
EX_gal_e,0.0,0.0
EX_ghb_e,0.0,-0.2769303842878121
EX_glcn_e,0.0,-0.3645066596608768
EX_glu__L_e,0.0,-0.39764362872094017
EX_glyclt_e,0.0,-0.09941090718023893
EX_glycogen_e,0.0,-0.4118451868895544
EX_hpyr_e,0.0,-0.14201558168605785
EX_hxa_e,0.0,-0.5183568731540751
EX_inost_e,0.0,0.0
EX_ins_e,0.0,-0.897065090983579
EX_lac__L_e,0.0,-0.1917210352761718
EX_mal__D_e,0.0,-0.1917210352761736
EX_mal__L_e,0.0,-0.19172103527617562
EX_malttr_e,0.0,-1.2284347815843646
EX_man_e,0.0,0.0
EX_ser__L_e,0.0,-0.25562804703491104
EX_xyl__D_e,0.0,0.0
ARAI,0.0,-0.0
RBK_L1,0.0,-5.551115123125783e-17
RBP4E,0.0,-0.0
N2tex,1.4970252369104078,0.0
Bztex,0.0,4.0821041783391895e-17
BZt1pp,0.0,0.0
4HBZtex,0.0,0.0
UHBZ1t_pp,0.0,0.0
EX_bzf_e,0.0,-0.5443930631298631
BZFtex,0.0,4.0821041783391895e-17
BZFpp,0.0,0.0
BZFDC,0.0,0.0
BZDH,0.0,1.1102230246251565e-16
EX_34dhcinm_e,0.0,-0.5112560940697971
34DHCINMtex,0.0,0.0
34DHCINMtpp,0.0,0.0
CAFFCOA,0.0,-3.3306690738754696e-16
CACOAHA,0.0,2.220446049250313e-16
VNDH_3,0.0,0.0
PCADYOX2,0.0,-2.7755575615628914e-17
4HMSADM,0.0,0.0
4CHSOX,0.0,0.0
2PDCLH,0.0,0.0
4OXATM,0.0,2.4624459434836445e-17
OMAHY,0.0,-2.7755575615628914e-17
EX_cinnm_e,0.0,-0.5183568731540927
CINNMtex,0.0,0.0
CINNMtpp,0.0,3.254559680938271e-17
TCNMM,0.0,0.0
2EHP2NOX,0.0,-0.028403116337213118
2EDPOX,0.0,-5.551115123125783e-17
H6DH,0.0,-1.3877787807814457e-17
OP4ENH,0.0,2.7755575615628914e-17
HOPNTAL,0.0,-2.7755575615628914e-17
EX_fer_e,0.0,-0.5396592104070144
FERtex,0.0,0.0
FERtpp,0.0,-3.2971320925946626e-17
VNDH,0.0,0.0
VNTDM,0.0,0.0
VANLNtex,0.0,0.0
EX_3hbz_e,0.0,-0.32663583787792294
3HBZtex,0.0,0.0
3HBZtpp,0.0,0.0
3HBZ4MO,0.0,-2.220446049250313e-16
EX_4hbzf_e,0.0,-0.5159899467926465
4HBZFtex,0.0,-0.0
4HBZFtpp,0.0,-0.0
4HBZFCL,0.0,-0.0
VNDH_2,0.0,-1.1102230246251565e-16
EX_T4hcinnm_e,0.0,-0.6438039703100924
T4HCINNMtex,0.0,0.0
T4HCINNMtpp,0.0,-5.997333336679914e-17
4CMCOAS,0.0,-1.1102230246251565e-16
COCOAHA,0.0,0.0
EX_mand_e,0.0,-0.5727961794670785
MANDtex,0.0,0.0
MANDtpp,0.0,0.0
2HPA2OX,0.0,0.0
EX_coucoa_e,0.0,-2.797706959215251
COUCOAtex,0.0,0.0
COUCOAtpp,0.0,0.0
PHBS_syn,0.0,-2.220446049250313e-16
SK_phbg_c,0.0,0.0
DM_PHB_c,0.0,-0.298232721540702
ISOMS,0.0,-0.0
NITOR,0.0,-0.0
NTRSA,0.0,-1.2541172469289505e-15
GLNS_1,0.0,-0.007100779084297857
NTRNO,2.9940504738208156,0.0
NOFCOR,-1.4970252369104076,-0.0
NGFCOR,1.4970252369104076,0.0
